date,shares,entry,exit,reason,notional,lev,pnl,equity,ret_R
2018-01-03,2504,159.729,160.02,flat,399961.0,4.0,678.58,100678.58,0.68
2018-01-05,2250,161.67,161.9,flat,363758.0,3.61,472.5,101151.08,0.47
2018-01-08,2491,162.425,162.33,stop,404601.0,4.0,-286.46,100864.62,-0.28
2018-01-09,2482,162.55,162.575,stop,403449.0,4.0,12.41,100877.03,0.01
2018-01-12,2199,164.29,164.4,flat,361274.0,3.58,197.91,101074.94,0.2
2018-01-17,2452,164.8375,165.73,flat,404182.0,4.0,2139.37,103214.31,2.12
2018-01-22,1824,167.49,167.96,flat,305502.0,2.96,820.8,104035.11,0.8
2018-01-23,2459,169.19,169.1,stop,416038.0,4.0,-270.49,103764.62,-0.26
2018-01-25,2452,169.235,168.875,stop,414964.0,4.0,-931.76,102832.86,-0.9
2018-01-26,2424,169.635,170.7198,flat,411195.0,4.0,2581.08,105413.93,2.51
2018-02-01,2002,169.53,169.04,stop,339399.0,3.22,-1021.02,104392.91,-0.97
2018-02-05,2539,164.41,164.17,stop,417437.0,4.0,-660.14,103732.77,-0.63
2018-02-06,2617,158.5232,158.4038,stop,414855.0,4.0,-364.81,103367.96,-0.35
2018-02-07,1747,162.96,162.38,stop,284691.0,2.75,-1048.2,102319.76,-1.01
2018-02-13,2574,158.9762,158.57,stop,409205.0,4.0,-1097.04,101222.73,-1.07
2018-02-14,1595,161.04,162.765,flat,256859.0,2.54,2719.47,103942.2,2.69
2018-02-16,1944,166.43,165.93,stop,323540.0,3.11,-1010.88,102931.32,-0.97
2018-02-20,917,166.66,165.72,stop,152827.0,1.48,-880.32,102051.0,-0.86
2018-02-21,2447,166.7548,166.43,stop,408049.0,4.0,-843.73,101207.27,-0.83
2018-02-26,2388,169.51,170.12,flat,404790.0,4.0,1408.92,102616.19,1.39
2018-03-02,719,164.69,166.13,flat,118412.0,1.15,1020.98,103637.17,0.99
2018-03-09,1389,172.26,172.95,flat,239269.0,2.31,930.63,104567.8,0.9
2018-03-15,2430,172.125,171.8467,stop,418264.0,4.0,-724.87,103842.94,-0.69
2018-03-21,2472,167.9799,167.83,stop,415246.0,4.0,-419.99,103422.94,-0.4
2018-03-29,1254,159.21,160.4,flat,199649.0,1.93,1467.18,104890.12,1.42
2018-04-04,732,157.12,160.23,flat,115012.0,1.1,2261.88,107152.0,2.16
2018-04-09,896,160.38,159.62,stop,143700.0,1.34,-698.88,106453.12,-0.65
2018-04-10,2656,160.27,160.12,stop,425677.0,4.0,-451.52,106001.6,-0.42
2018-04-11,1849,161.45,160.96,stop,298521.0,2.82,-942.99,105058.61,-0.89
2018-04-12,2590,162.21,162.08,stop,420124.0,4.0,-388.5,104670.11,-0.37
2018-04-17,1558,165.66,165.94,flat,258098.0,2.47,405.08,105075.19,0.39
2018-04-23,2573,163.31,162.86,stop,420197.0,4.0,-1209.31,103865.88,-1.15
2018-04-26,2575,161.3,162.07,flat,415348.0,4.0,1931.25,105797.13,1.86
2018-05-04,1211,164.18,164.715,flat,198822.0,1.88,623.66,106420.8,0.59
2018-05-07,2554,166.65,166.23,stop,425624.0,4.0,-1123.76,105297.04,-1.06
2018-05-08,2541,165.715,165.69,stop,421082.0,4.0,-114.35,105182.69,-0.11
2018-05-10,2487,169.13,169.02,stop,420626.0,4.0,-323.31,104859.38,-0.31
2018-05-11,2474,169.53,169.41,stop,419417.0,4.0,-346.36,104513.02,-0.33
2018-05-16,2476,168.8,168.73,stop,417949.0,4.0,-222.84,104290.18,-0.21
2018-05-23,2486,167.8,169.505,flat,417151.0,4.0,4188.91,108479.09,4.02
2018-05-25,2550,170.11,169.93,stop,433781.0,4.0,-510.0,107969.09,-0.47
2018-06-01,1581,172.57,172.6399,flat,272833.0,2.53,78.89,108047.99,0.07
2018-06-04,2487,173.76,174.14,flat,432141.0,4.0,895.32,108943.31,0.83
2018-06-12,2356,175.76,175.43,stop,414091.0,3.8,-824.6,108118.71,-0.76
2018-06-13,2443,176.96,176.62,stop,432313.0,4.0,-879.48,107239.23,-0.81
2018-06-14,2416,177.505,177.24,stop,428852.0,4.0,-688.56,106550.67,-0.64
2018-06-15,2410,176.8,176.965,flat,426088.0,4.0,349.45,106900.12,0.33
2018-06-18,2161,176.28,176.54,flat,380941.0,3.56,518.64,107418.76,0.49
2018-07-02,2512,171.01,170.78,stop,429577.0,4.0,-628.0,106790.76,-0.58
2018-07-06,1099,175.12,175.485,flat,192457.0,1.8,379.16,107169.91,0.36
2018-07-10,2413,177.59,177.34,stop,428525.0,4.0,-651.51,106518.4,-0.61
2018-07-12,1453,178.83,179.37,flat,259840.0,2.44,755.56,107273.96,0.71
2018-07-13,2386,179.77,179.54,stop,428931.0,4.0,-596.5,106677.46,-0.56
2018-07-17,985,179.66,180.36,flat,176965.0,1.66,669.8,107347.26,0.63
2018-07-19,2391,179.5602,179.27,stop,429328.0,4.0,-741.69,106605.57,-0.69
2018-07-23,1518,179.16,179.46,flat,271965.0,2.55,425.04,107030.61,0.4
2018-07-25,2313,181.215,182.72,flat,419150.0,3.92,3434.8,110465.42,3.21
2018-07-26,2443,180.82,180.515,stop,441743.0,4.0,-793.98,109671.44,-0.72
2018-08-02,1317,178.11,179.635,flat,234571.0,2.14,1982.08,111653.53,1.81
2018-08-06,2473,180.53,181.14,flat,446451.0,4.0,1459.07,113112.6,1.31
2018-08-08,2488,181.81,181.68,stop,452343.0,4.0,-373.2,112739.4,-0.33
2018-08-09,2475,182.17,182.25,stop,450871.0,4.0,148.5,112887.9,0.13
2018-08-16,2497,180.799,180.54,stop,451455.0,4.0,-696.66,112191.23,-0.62
2018-08-21,2478,181.09,180.83,stop,448741.0,4.0,-693.84,111497.39,-0.62
2018-08-24,2443,182.485,182.13,stop,445811.0,4.0,-916.13,110581.27,-0.82
2018-08-27,2400,184.24,184.145,flat,442176.0,4.0,-276.0,110305.27,-0.25
2018-08-29,1913,186.375,186.71,flat,356535.0,3.23,602.6,110907.86,0.55
2018-08-30,2373,186.88,186.83,stop,443466.0,4.0,-166.11,110741.75,-0.15
2018-09-07,2432,182.1,181.81,stop,442867.0,4.0,-753.92,109987.83,-0.68
2018-09-11,803,183.26,183.155,flat,147158.0,1.34,-100.37,109887.46,-0.09
2018-09-13,2379,184.74,184.35,stop,439496.0,4.0,-975.39,108912.07,-0.89
2018-09-18,1586,183.58,182.98,stop,291158.0,2.67,-983.32,107928.75,-0.9
2018-09-20,2338,184.59,184.36,stop,431571.0,4.0,-584.5,107344.25,-0.54
2018-09-21,2324,184.74,184.66,stop,429336.0,4.0,-232.4,107111.85,-0.22
2018-09-24,1223,183.389,183.9,flat,224285.0,2.09,600.49,107712.34,0.56
2018-09-26,2325,185.235,185.11,stop,430671.0,4.0,-337.12,107375.22,-0.31
2018-09-27,2305,186.26,186.02,stop,429329.0,4.0,-599.3,106775.92,-0.56
2018-09-28,2298,185.82,185.4599,stop,427014.0,4.0,-873.47,105902.45,-0.82
2018-10-02,1378,187.075,186.37,stop,257789.0,2.43,-999.05,104903.4,-0.94
2018-10-09,1884,180.54,179.985,stop,340137.0,3.24,-1083.3,103820.1,-1.03
2018-10-25,1184,169.96,171.38,flat,201233.0,1.94,1657.6,105477.7,1.6
2018-10-30,1818,164.6965,164.1,stop,299418.0,2.84,-1120.8,104356.9,-1.06
2018-11-07,736,174.6899,175.455,flat,128572.0,1.23,548.39,104905.29,0.53
2018-11-21,2599,161.41,161.22,stop,419505.0,4.0,-545.79,104359.5,-0.52
2018-11-27,1850,163.38,162.77,stop,302253.0,2.9,-1165.5,103194.0,-1.12
2018-11-30,2451,168.3489,168.32,stop,412623.0,4.0,-119.85,103074.15,-0.12
2018-12-12,1081,167.39,166.61,stop,180949.0,1.76,-864.8,102209.35,-0.84
2018-12-17,745,161.5225,160.17,stop,120334.0,1.18,-1022.51,101186.84,-1.0
2018-12-19,2401,160.02,159.67,stop,384208.0,3.8,-888.37,100298.47,-0.88
2019-01-04,696,155.64,156.31,flat,108325.0,1.08,452.4,100750.87,0.45
2019-01-07,737,158.45,158.17,flat,116778.0,1.16,-221.1,100529.77,-0.22
2019-01-10,1186,160.59,159.94,stop,190460.0,1.89,-794.62,99735.15,-0.79
2019-01-11,2486,160.44,160.23,stop,398854.0,4.0,-571.78,99163.37,-0.57
2019-01-14,2485,159.61,159.4,stop,396631.0,4.0,-571.55,98591.82,-0.58
2019-01-15,1233,162.29,161.5499,stop,200104.0,2.03,-937.2,97654.61,-0.95
2019-01-17,2401,162.65,163.54,flat,390523.0,4.0,2088.87,99743.48,2.14
2019-01-25,1862,165.33,164.99,stop,307844.0,3.09,-670.32,99073.16,-0.67
2019-01-31,897,168.74,167.8534,stop,151360.0,1.53,-813.22,98259.94,-0.82
2019-02-01,2335,168.32,168.0,stop,393027.0,4.0,-793.9,97466.04,-0.81
2019-02-04,1367,169.075,169.31,flat,231126.0,2.37,293.91,97759.95,0.3
2019-02-05,2289,170.8034,170.59,stop,390969.0,4.0,-534.25,97225.7,-0.55
2019-02-12,1995,170.79,170.9223,flat,340726.0,3.5,224.04,97449.73,0.23
2019-02-14,2280,170.9035,171.23,flat,389660.0,4.0,698.82,98148.55,0.72
2019-02-19,2086,172.66,172.3653,stop,360169.0,3.67,-656.46,97492.09,-0.67
2019-02-22,2256,172.85,172.2202,stop,389950.0,4.0,-1465.95,96026.14,-1.5
2019-02-26,2212,173.62,173.47,stop,384047.0,4.0,-376.04,95650.1,-0.39
2019-03-05,2190,174.7,174.765,flat,382593.0,4.0,98.55,95748.65,0.1
2019-03-11,1331,174.05,174.75,flat,231661.0,2.42,905.08,96653.73,0.95
2019-03-12,1807,175.99,175.65,stop,318014.0,3.29,-650.52,96003.21,-0.67
2019-03-13,2164,177.43,177.25,stop,383959.0,4.0,-432.8,95570.41,-0.45
2019-03-15,2144,178.27,178.2,stop,382211.0,4.0,-192.96,95377.45,-0.2
2019-03-21,1134,181.62,182.5099,flat,205957.0,2.16,986.47,96363.92,1.03
2019-04-05,2089,184.49,184.44,stop,385400.0,4.0,-146.23,96217.69,-0.15
2019-04-08,2086,184.5,185.12,flat,384867.0,4.0,1251.6,97469.29,1.3
2019-04-09,2109,184.78,184.73,stop,389701.0,4.0,-147.63,97321.66,-0.15
2019-04-10,2102,185.18,184.91,stop,389248.0,4.0,-609.58,96712.08,-0.63
2019-04-22,2062,187.56,187.86,flat,386749.0,4.0,577.36,97289.44,0.6
2019-04-23,1310,189.98,190.26,flat,248874.0,2.56,340.6,97630.04,0.35
2019-05-03,2050,190.42,191.19,flat,390361.0,4.0,1537.5,99167.54,1.57
2019-05-06,1763,189.04,188.5,stop,333278.0,3.36,-987.28,98180.26,-1.0
2019-05-08,2107,186.33,186.05,stop,392597.0,4.0,-632.1,97548.16,-0.64
2019-05-14,919,181.1783,180.67,flat,166503.0,1.71,-485.51,97062.65,-0.5
2019-05-15,644,182.78,183.03,flat,117710.0,1.21,148.12,97210.77,0.15
2019-05-16,993,185.85,185.0517,stop,184549.0,1.9,-812.57,96398.2,-0.84
2019-05-17,2092,184.3,183.94,stop,385556.0,4.0,-794.96,95603.24,-0.82
2019-05-20,2119,180.42,180.31,stop,382310.0,4.0,-275.47,95327.77,-0.29
2019-05-31,2179,174.93,174.52,stop,381172.0,4.0,-936.97,94390.8,-0.98
2019-06-04,603,174.01,174.8807,flat,104928.0,1.11,512.97,94903.77,0.54
2019-06-07,1494,181.05,181.1,flat,270489.0,2.85,44.82,94948.59,0.05
2019-06-10,951,184.62,183.77,stop,175574.0,1.85,-827.37,94121.22,-0.87
2019-06-14,2063,182.41,182.3,stop,376312.0,4.0,-268.19,93853.03,-0.28
2019-06-17,2042,183.77,183.7299,stop,375258.0,4.0,-122.72,93730.31,-0.13
2019-06-19,2012,186.32,186.18,stop,374876.0,4.0,-321.92,93408.39,-0.34
2019-06-21,1978,188.8717,188.8315,stop,373588.0,4.0,-119.08,93289.31,-0.13
2019-06-24,1978,188.63,188.4315,stop,373110.0,4.0,-432.19,92857.12,-0.46
2019-07-09,1502,190.27,190.8,flat,285786.0,3.08,766.02,93623.14,0.82
2019-07-22,1948,192.22,191.96,stop,374445.0,4.0,-545.44,93077.7,-0.58
2019-07-24,1918,194.06,195.045,flat,372207.0,4.0,1850.87,94928.57,1.99
2019-07-26,1944,195.27,195.36,flat,379605.0,4.0,136.08,95064.65,0.14
2019-08-01,1101,194.52,193.23,stop,214167.0,2.25,-1442.31,93622.34,-1.52
2019-08-07,2056,182.12,181.88,stop,374439.0,4.0,-534.56,93087.78,-0.57
2019-08-08,712,187.2168,188.0,flat,133298.0,1.43,543.4,93631.18,0.58
2019-08-13,1485,188.54,187.92,stop,279982.0,2.99,-950.4,92680.78,-1.02
2019-08-16,2000,185.3,185.08,stop,370600.0,4.0,-480.0,92200.78,-0.52
2019-08-20,1960,188.12,187.79,stop,368715.0,4.0,-686.0,91514.78,-0.74
2019-08-21,1937,188.93,188.85,stop,365957.0,4.0,-193.7,91321.08,-0.21
2019-08-28,1044,185.05,185.11,flat,193192.0,2.12,41.76,91362.84,0.05
2019-09-05,1907,191.5665,191.54,stop,365317.0,4.0,-88.68,91274.16,-0.1
2019-09-10,1923,189.82,189.61,stop,365024.0,4.0,-442.29,90831.87,-0.48
2019-09-11,1261,192.245,191.75,stop,242421.0,2.67,-649.42,90182.46,-0.71
2019-09-12,1860,193.92,193.75,stop,360691.0,4.0,-353.4,89829.06,-0.39
2019-09-17,1872,191.87,191.74,stop,359181.0,4.0,-280.8,89548.26,-0.31
2019-09-30,1707,188.54,188.45,stop,321838.0,3.59,-187.77,89360.49,-0.21
2019-10-04,1343,188.2,188.9626,flat,252753.0,2.83,997.31,90357.8,1.12
2019-10-07,1388,189.36,188.7037,stop,262832.0,2.91,-938.7,89419.09,-1.04
2019-10-09,1909,187.31,187.4,flat,357575.0,4.0,133.63,89552.72,0.15
2019-10-10,1226,189.16,188.5,stop,231910.0,2.59,-833.68,88719.04,-0.93
2019-10-11,1849,191.86,191.75,stop,354749.0,4.0,-240.37,88478.67,-0.27
2019-10-14,1849,191.37,191.2337,stop,353843.0,4.0,-289.0,88189.67,-0.33
2019-10-15,1364,193.4547,193.5,flat,263872.0,2.99,34.51,88224.18,0.04
2019-10-23,1839,191.81,191.71,stop,352739.0,4.0,-220.68,88003.5,-0.25
2019-10-25,939,195.56,195.63,flat,183631.0,2.09,46.95,88050.45,0.05
2019-10-28,1783,197.45,197.595,flat,352053.0,4.0,222.88,88273.33,0.25
2019-11-07,1753,201.39,201.22,stop,353037.0,4.0,-333.07,87940.26,-0.38
2019-11-11,1752,200.71,200.87,flat,351644.0,4.0,245.28,88185.54,0.28
2019-11-12,1747,201.8,201.66,stop,352545.0,4.0,-279.52,87906.02,-0.32
2019-11-13,1744,201.615,201.16,stop,351617.0,4.0,-828.4,87077.62,-0.94
2019-11-15,1719,202.52,202.475,stop,348132.0,4.0,-111.74,86965.88,-0.13
2019-11-18,1715,202.79,202.98,flat,347785.0,4.0,291.55,87257.43,0.34
2019-11-25,1711,203.92,204.15,flat,348907.0,4.0,359.31,87616.74,0.41
2019-11-26,1712,204.63,204.53,stop,350327.0,4.0,-205.44,87411.3,-0.23
2019-11-27,1699,205.72,205.97,flat,349518.0,4.0,390.77,87802.07,0.45
2019-12-03,1755,200.07,199.932,stop,351123.0,4.0,-277.29,87524.78,-0.32
2019-12-06,1710,204.715,204.94,flat,350063.0,4.0,350.55,87875.33,0.4
2019-12-10,1719,204.365,204.24,stop,351303.0,4.0,-249.25,87626.08,-0.28
2019-12-13,1692,207.13,207.22,flat,350464.0,4.0,118.44,87744.52,0.14
2019-12-16,1675,209.42,209.23,stop,350778.0,4.0,-351.75,87392.77,-0.4
2019-12-19,1660,210.4637,210.795,flat,349370.0,4.0,516.76,87909.53,0.59
2019-12-20,1660,211.8,211.71,stop,351588.0,4.0,-182.6,87726.93,-0.21
2019-12-26,1646,213.17,213.61,flat,350878.0,4.0,691.32,88418.25,0.79
2020-01-03,1645,214.88,214.65,stop,353478.0,4.0,-411.25,88007.0,-0.47
2020-01-06,1588,214.4945,215.46,flat,340617.0,3.87,1501.45,89508.45,1.71
2020-01-07,1660,215.66,215.61,stop,357996.0,4.0,-116.2,89392.25,-0.13
2020-01-08,899,217.18,217.0,flat,195245.0,2.18,-179.8,89212.45,-0.2
2020-01-13,1349,220.3101,220.9,flat,297198.0,3.33,768.8,89981.25,0.86
2020-01-21,1609,223.56,223.15,stop,359708.0,4.0,-691.87,89289.38,-0.77
2020-01-23,1596,223.67,223.525,stop,356977.0,4.0,-263.34,89026.04,-0.29
2020-01-27,1629,218.4821,218.365,stop,355907.0,4.0,-223.34,88802.7,-0.25
2020-01-28,799,221.355,221.55,flat,176863.0,1.99,139.83,88942.52,0.16
2020-02-04,823,226.96,227.325,flat,186788.0,2.1,283.93,89226.46,0.32
2020-02-06,1554,229.58,230.08,flat,356767.0,4.0,745.92,89972.38,0.84
2020-02-07,1226,230.09,229.48,stop,282090.0,3.14,-772.38,89200.0,-0.86
2020-02-10,1160,230.7525,231.83,flat,267673.0,3.0,1226.7,90426.7,1.38
2020-02-13,1263,234.2538,233.95,stop,295863.0,3.27,-408.96,90017.74,-0.45
2020-02-19,1518,237.08,236.85,stop,359887.0,4.0,-379.5,89638.24,-0.42
2020-02-28,467,203.3,201.53,stop,94941.0,1.06,-835.93,88802.31,-0.93
2020-03-04,1666,213.12,212.95,stop,355058.0,4.0,-316.54,88485.77,-0.36
2020-03-05,1649,214.57,214.28,stop,353826.0,4.0,-511.19,87974.58,-0.58
2020-03-19,798,179.03,177.9758,stop,142866.0,1.62,-857.21,87117.37,-0.97
2020-03-26,410,189.1,187.3,stop,77531.0,0.89,-746.2,86371.17,-0.86
2020-03-30,797,190.21,192.2,flat,151597.0,1.76,1570.09,87941.26,1.82
2020-03-31,1819,193.325,193.03,stop,351658.0,4.0,-572.98,87368.27,-0.65
2020-04-02,587,185.32,183.95,stop,108783.0,1.25,-815.93,86552.34,-0.93
2020-04-06,892,192.4,197.25,flat,171621.0,1.98,4308.36,90860.7,4.98
2020-04-14,1111,209.8999,211.74,flat,233199.0,2.57,2022.13,92882.84,2.23
2020-04-20,792,215.5801,214.44,stop,170739.0,1.84,-918.8,91964.04,-0.99
2020-04-22,1385,209.9343,211.3,flat,290759.0,3.16,1863.79,93827.83,2.03
2020-04-24,1779,210.955,214.0999,flat,375289.0,4.0,5559.2,99387.03,5.92
2020-04-29,1826,217.69,218.835,flat,397502.0,4.0,2054.25,101441.28,2.07
2020-05-04,902,214.02,212.92,stop,193046.0,1.9,-1010.24,100431.04,-1.0
2020-05-05,951,219.495,218.8106,stop,208740.0,2.08,-669.88,99761.15,-0.67
2020-05-08,1075,224.565,223.8681,stop,241407.0,2.42,-770.67,98990.49,-0.77
2020-05-11,873,226.22,227.165,flat,197490.0,2.0,807.52,99798.01,0.82
2020-05-12,1756,227.21,226.957,stop,398981.0,4.0,-479.39,99318.62,-0.48
2020-05-15,1808,219.73,223.06,flat,397272.0,4.0,5984.48,105303.1,6.03
2020-05-18,1219,227.6658,227.53,flat,277525.0,2.64,-189.92,105113.18,-0.18
2020-05-19,1834,229.14,228.77,stop,420243.0,4.0,-715.26,104397.92,-0.68
2020-05-20,1390,231.58,230.85,stop,321896.0,3.08,-1042.5,103355.42,-1.0
2020-05-22,1808,228.6499,228.36,stop,413399.0,4.0,-560.3,102795.12,-0.54
2020-05-28,673,232.33,231.47,stop,156358.0,1.52,-592.24,102202.88,-0.58
2020-06-01,1752,233.24,233.165,stop,408636.0,4.0,-166.44,102036.44,-0.16
2020-06-05,893,239.39,238.98,stop,213775.0,2.1,-383.99,101652.45,-0.38
2020-06-09,1316,242.9,243.3,flat,319656.0,3.14,500.08,102152.53,0.49
2020-06-15,1048,234.93,238.29,flat,246207.0,2.41,3500.32,105652.85,3.43
2020-06-22,1155,245.48,246.77,flat,283529.0,2.68,1466.85,107119.7,1.39
2020-06-23,889,250.27,249.67,stop,222490.0,2.08,-551.18,106568.52,-0.51
2020-06-25,1016,244.1301,243.376,stop,248036.0,2.33,-786.49,105782.04,-0.74
2020-06-29,496,241.78,242.2715,flat,119923.0,1.13,233.86,106015.9,0.22
2020-06-30,977,245.87,244.9675,stop,240215.0,2.27,-901.28,105114.62,-0.85
2020-07-01,1187,249.51,250.5301,flat,296168.0,2.82,1187.12,106301.74,1.13
2020-07-06,947,258.38,257.38,stop,244686.0,2.3,-965.94,105335.8,-0.91
2020-07-07,1620,260.08,259.37,stop,421330.0,4.0,-1182.6,104153.2,-1.12
2020-07-13,1171,269.24,268.27,stop,315280.0,3.03,-1159.29,102993.91,-1.11
2020-07-20,559,263.575,267.05,flat,147338.0,1.43,1931.35,104925.25,1.88
2020-07-24,495,256.26,254.18,stop,126849.0,1.21,-1039.5,103885.75,-0.99
2020-07-29,1604,259.0175,258.93,stop,415464.0,4.0,-172.43,103713.32,-0.17
2020-08-03,1538,269.61,268.99,stop,414660.0,4.0,-984.32,102729.0,-0.95
2020-08-06,1513,271.5162,274.46,flat,410804.0,4.0,4423.71,107152.71,4.31
2020-08-12,664,271.64,272.02,flat,180369.0,1.68,239.04,107391.75,0.22
2020-08-13,1566,274.14,273.76,stop,429303.0,4.0,-626.4,106765.35,-0.58
2020-08-17,1555,274.51,274.4412,stop,426863.0,4.0,-138.08,106627.27,-0.13
2020-08-19,1095,278.82,277.8945,stop,305308.0,2.86,-1035.32,105591.95,-0.97
2020-08-20,750,278.64,280.13,flat,208980.0,1.98,1102.5,106694.45,1.04
2020-08-25,1500,284.33,285.79,flat,426495.0,4.0,2160.0,108854.45,2.02
2020-08-26,656,289.985,292.055,flat,190230.0,1.75,1344.8,110199.25,1.24
2020-08-31,1497,294.27,295.81,flat,440522.0,4.0,2275.44,112474.69,2.06
2020-09-01,1509,298.09,299.575,flat,449818.0,4.0,2210.69,114685.37,1.97
2020-09-09,618,277.6599,278.68,flat,171594.0,1.5,618.06,115303.43,0.54
2020-09-14,1396,276.81,275.95,stop,386427.0,3.35,-1228.48,114074.95,-1.07
2020-09-24,441,267.4,265.67,stop,117923.0,1.03,-771.75,113303.2,-0.68
2020-09-25,1250,267.7027,271.79,flat,334628.0,2.95,5084.13,118387.33,4.49
2020-09-30,830,280.16,278.93,stop,232533.0,1.96,-1037.5,117349.83,-0.88
2020-10-05,1314,278.82,278.1,stop,366369.0,3.12,-972.36,116377.47,-0.83
2020-10-09,1253,284.92,285.549,flat,357005.0,3.07,763.08,117140.54,0.66
2020-10-12,834,293.065,294.19,stop,244416.0,2.09,921.57,118062.11,0.79
2020-10-13,1383,296.06,294.96,stop,409451.0,3.47,-1548.96,116513.15,-1.31
2020-10-29,1692,275.39,277.765,flat,465960.0,4.0,3984.66,120497.81,3.42
2020-11-03,997,275.74,274.61,stop,274913.0,2.28,-1146.55,119351.26,-0.95
2020-11-04,440,288.03,286.125,stop,126733.0,1.06,-847.0,118504.26,-0.71
2020-11-06,617,294.05,294.855,flat,181429.0,1.53,484.35,118988.61,0.41
2020-11-11,742,289.36,289.66,flat,214705.0,1.8,207.76,119196.37,0.17
2020-11-16,1628,292.74,291.84,stop,476581.0,4.0,-1497.76,117698.61,-1.26
2020-11-17,1608,292.77,292.7,stop,470774.0,4.0,-144.72,117553.89,-0.12
2020-11-19,1309,291.3479,292.33,flat,381374.0,3.24,1259.39,118813.28,1.07
2020-11-24,847,293.03,294.685,flat,248196.0,2.09,1384.85,120198.12,1.17
2020-12-01,985,303.63,303.14,stop,299076.0,2.49,-502.35,119695.77,-0.42
2020-12-02,758,303.8432,303.725,flat,230313.0,1.92,-104.76,119591.02,-0.09
2020-12-04,1567,305.14,304.9418,stop,478154.0,4.0,-341.92,119249.1,-0.29
2020-12-07,1554,306.842,306.78,stop,476832.0,4.0,-127.43,119121.67,-0.11
2020-12-10,1576,302.23,301.65,stop,476314.0,4.0,-945.6,118176.07,-0.79
2020-12-14,1546,305.565,305.06,stop,472403.0,4.0,-811.65,117364.42,-0.69
2020-12-16,1378,308.56,307.8998,stop,425196.0,3.62,-937.32,116427.1,-0.8
2020-12-23,1505,309.37,309.04,stop,465602.0,4.0,-526.75,115900.35,-0.45
2021-01-06,611,310.91,309.34,stop,189966.0,1.64,-971.49,114928.86,-0.84
2021-01-07,962,314.24,315.36,flat,302299.0,2.63,1058.2,115987.06,0.92
2021-01-11,1425,316.63,315.9037,stop,451198.0,3.89,-1063.48,114923.59,-0.92
2021-01-13,1454,315.96,316.16,flat,459406.0,4.0,261.72,115185.31,0.23
2021-01-20,912,323.07,324.045,flat,294640.0,2.56,870.96,116056.27,0.76
2021-01-21,1424,325.78,325.27,stop,463911.0,4.0,-754.72,115301.55,-0.65
2021-01-28,589,324.65,323.79,stop,191219.0,1.66,-518.32,114783.23,-0.45
2021-02-01,456,321.4088,323.085,flat,146562.0,1.28,755.23,115538.45,0.66
2021-02-02,862,327.98,327.895,flat,282719.0,2.45,-90.51,115447.94,-0.08
2021-02-11,1380,334.52,334.249,stop,461638.0,4.0,-401.58,115046.36,-0.35
2021-02-12,1227,334.98,336.49,flat,411020.0,3.57,1828.23,116874.59,1.59
2021-02-23,1479,315.915,315.79,stop,467238.0,4.0,-214.45,116660.14,-0.18
2021-03-01,513,322.41,323.32,flat,165396.0,1.42,456.57,117116.71,0.39
2021-03-09,1235,310.56,311.95,flat,383542.0,3.27,1691.95,118808.66,1.44
2021-03-16,1469,323.35,322.89,stop,475001.0,4.0,-705.12,118103.54,-0.59
2021-03-22,753,318.97,318.7,stop,240184.0,2.03,-218.37,117885.17,-0.18
2021-03-26,1506,312.95,312.3,stop,471303.0,4.0,-1009.02,116876.15,-0.86
2021-03-31,847,320.0,319.17,stop,271040.0,2.32,-719.95,116156.2,-0.62
2021-04-05,876,330.27,331.33,flat,289317.0,2.49,911.04,117067.24,0.78
2021-04-06,917,332.695,331.5,stop,305081.0,2.61,-1114.15,115953.08,-0.95
2021-04-07,1399,331.53,331.12,stop,463810.0,4.0,-601.57,115351.51,-0.52
2021-04-09,962,335.57,337.09,flat,322818.0,2.8,1443.0,116794.51,1.25
2021-04-16,1367,341.54,341.25,stop,466885.0,4.0,-423.77,116370.74,-0.36
2021-04-21,626,338.11,339.2916,flat,211657.0,1.82,727.16,117097.91,0.62
2021-04-22,1381,338.9927,338.84,stop,468149.0,4.0,-238.5,116859.41,-0.2
2021-04-23,772,339.47,339.78,flat,262071.0,2.24,223.88,117083.29,0.19
2021-04-26,1375,340.6,341.38,flat,468325.0,4.0,1045.0,118128.29,0.89
2021-04-30,1393,339.01,338.615,stop,472241.0,4.0,-578.09,117550.19,-0.49
2021-05-07,1399,336.03,335.23,stop,470106.0,4.0,-1147.18,116403.01,-0.98
2021-05-11,524,324.3,325.3904,flat,169933.0,1.46,560.89,116963.9,0.48
2021-05-14,1084,324.96,326.775,flat,352257.0,3.01,1945.78,118909.68,1.66
2021-05-19,867,320.0,322.36,flat,277440.0,2.33,2028.78,120938.46,1.71
2021-05-20,706,328.73,329.01,flat,232083.0,1.92,183.56,121122.02,0.15
2021-05-24,1031,332.955,332.59,flat,343277.0,2.83,-396.94,120725.09,-0.33
2021-05-27,1444,334.24,333.605,stop,482643.0,4.0,-945.82,119779.27,-0.78
2021-06-02,1435,333.805,333.63,stop,479010.0,4.0,-279.83,119499.44,-0.23
2021-06-03,1446,330.54,330.155,stop,477961.0,4.0,-585.63,118913.81,-0.49
2021-06-04,1418,335.22,335.62,flat,475342.0,4.0,538.84,119452.65,0.45
2021-06-10,1407,339.49,340.305,flat,477662.0,4.0,1118.56,120571.22,0.94
2021-06-14,1408,342.31,344.12,flat,481972.0,4.0,2520.32,123091.54,2.09
2021-06-17,1204,344.87,343.745,stop,415223.0,3.37,-1378.58,121712.96,-1.12
2021-06-21,747,344.1501,344.345,flat,257080.0,2.11,130.65,121843.61,0.11
2021-06-22,1143,346.26,347.545,flat,395775.0,3.25,1445.9,123289.5,1.19
2021-06-24,1405,350.835,350.66,stop,492923.0,4.0,-273.97,123015.53,-0.22
2021-06-28,1395,352.64,352.4908,stop,491933.0,4.0,-236.03,122779.49,-0.19
2021-06-29,1387,353.87,354.94,flat,490818.0,4.0,1456.35,124235.84,1.19
2021-06-30,1400,354.73,354.611,stop,496622.0,4.0,-194.6,124041.24,-0.16
2021-07-02,1387,357.47,358.7,flat,495811.0,4.0,1678.27,125719.51,1.35
2021-07-08,733,357.92,358.29,flat,262355.0,2.09,256.55,125976.06,0.2
2021-07-09,741,360.81,361.14,flat,267360.0,2.12,229.71,126205.77,0.18
2021-07-13,984,365.25,364.11,stop,359406.0,2.85,-1141.44,125064.33,-0.9
2021-07-20,490,358.42,359.21,flat,175626.0,1.4,377.3,125441.63,0.3
2021-07-21,1392,360.21,359.46,stop,501412.0,4.0,-1071.84,124369.79,-0.85
2021-07-22,1368,363.4,362.69,stop,497131.0,4.0,-998.64,123371.15,-0.8
2021-07-23,786,367.32,368.1,flat,288714.0,2.34,597.36,123968.51,0.48
2021-07-26,1211,368.86,367.89,stop,446689.0,3.6,-1198.89,122769.62,-0.97
2021-07-28,1342,365.83,365.635,stop,490944.0,4.0,-288.53,122481.09,-0.24
2021-07-29,1335,366.899,366.86,stop,489810.0,4.0,-78.76,122402.33,-0.06
2021-07-30,1344,364.187,364.02,stop,489467.0,4.0,-251.33,122151.0,-0.21
2021-08-05,1323,369.26,369.67,flat,488531.0,4.0,515.97,122666.97,0.42
2021-08-09,1331,368.61,368.41,stop,490620.0,4.0,-292.82,122374.15,-0.24
2021-08-19,401,365.38,362.77,stop,146517.0,1.2,-1054.63,121319.52,-0.86
2021-08-23,603,373.36,373.17,flat,225136.0,1.86,-126.63,121192.89,-0.1
2021-08-24,1294,374.485,374.1999,stop,484584.0,4.0,-394.8,120798.09,-0.33
2021-08-30,1178,380.12,380.36,flat,447781.0,3.71,259.16,121057.25,0.21
2021-09-01,1266,382.28,382.06,stop,483966.0,4.0,-303.84,120753.41,-0.25
2021-09-03,1267,381.03,381.4,flat,482765.0,4.0,443.45,121196.86,0.37
2021-09-22,766,369.7,368.43,stop,283190.0,2.34,-988.14,120208.72,-0.82
2021-09-23,1288,373.07,372.4401,stop,480514.0,4.0,-837.07,119371.65,-0.7
2021-09-24,1284,371.76,373.4101,flat,477340.0,4.0,2093.05,121464.7,1.75
2021-10-05,677,358.22,357.45,stop,242515.0,2.0,-534.83,120929.87,-0.44
2021-10-07,1166,365.64,364.65,stop,426336.0,3.53,-1177.66,119752.21,-0.97
2021-10-11,1322,362.275,361.75,stop,478928.0,4.0,-720.49,119031.72,-0.6
2021-10-14,943,366.1,366.29,flat,345232.0,2.9,160.31,119192.03,0.13
2021-10-18,802,370.72,372.685,flat,297317.0,2.49,1559.89,120751.92,1.31
2021-10-19,1288,374.89,375.145,flat,482858.0,4.0,302.68,121054.6,0.25
2021-10-21,1288,375.92,375.425,stop,484185.0,4.0,-663.32,120391.28,-0.55
2021-10-25,1142,376.372,377.61,flat,429817.0,3.57,1390.96,121782.23,1.16
2021-10-27,1108,381.77,381.24,stop,423001.0,3.47,-609.4,121172.83,-0.5
2021-10-28,1264,383.38,382.54,stop,484592.0,4.0,-1087.04,120085.79,-0.9
2021-10-29,1029,383.59,386.065,flat,394714.0,3.29,2526.2,122611.99,2.1
2021-11-02,1262,388.54,388.39,stop,490337.0,4.0,-214.54,122397.45,-0.17
2021-11-04,1084,397.5,397.64,flat,430890.0,3.52,130.08,122527.53,0.11
2021-11-05,1223,400.55,400.25,stop,489873.0,4.0,-391.36,122136.17,-0.32
2021-11-10,1240,393.7616,393.49,stop,488264.0,4.0,-361.58,121774.59,-0.3
2021-11-12,486,394.88,394.61,flat,191912.0,1.58,-140.94,121633.65,-0.12
2021-11-16,1046,397.05,397.52,flat,415314.0,3.41,470.7,122104.35,0.39
2021-11-17,726,399.64,397.99,stop,290139.0,2.38,-1212.42,120891.93,-0.99
2021-11-19,1194,404.77,404.11,stop,483295.0,4.0,-811.92,120080.01,-0.67
2021-11-24,523,397.62,398.75,flat,207955.0,1.73,580.53,120660.54,0.48
2021-11-29,680,398.57,399.99,flat,271028.0,2.25,952.0,121612.54,0.79
2021-12-06,1057,383.66,386.46,flat,405529.0,3.33,2938.46,124551.0,2.42
2021-12-07,831,397.23,396.45,stop,330098.0,2.65,-664.8,123886.2,-0.53
2021-12-08,1245,398.0,397.34,stop,495510.0,4.0,-846.6,123039.6,-0.68
2021-12-22,523,393.1399,391.13,stop,205612.0,1.67,-1061.64,121977.96,-0.86
2021-12-23,776,397.54,397.54,flat,308491.0,2.53,-15.52,121962.44,-0.01
2021-12-27,1069,402.28,403.4,flat,430037.0,3.53,1175.9,123138.34,0.96
2021-12-30,1221,403.145,402.13,stop,492240.0,4.0,-1263.73,121874.6,-1.03
2022-01-11,253,385.5,385.56,flat,97532.0,0.8,10.12,121884.72,0.01
2022-01-14,1288,378.41,377.95,stop,487392.0,4.0,-618.24,121266.48,-0.51
2022-01-20,1301,372.6901,372.07,stop,484870.0,4.0,-832.77,120433.71,-0.69
2022-01-31,409,360.06,363.4501,flat,147265.0,1.22,1378.37,121812.08,1.14
2022-02-04,1372,355.02,358.33,flat,487087.0,4.0,4513.88,126325.96,3.71
2022-02-10,1042,364.54,362.61,stop,379851.0,3.01,-2031.9,124294.06,-1.61
2022-02-14,973,349.45,348.47,stop,340015.0,2.74,-973.0,123321.06,-0.78
2022-02-15,1057,354.89,353.431,stop,375119.0,3.04,-1563.3,121757.76,-1.27
2022-02-16,1381,352.57,352.05,stop,486899.0,4.0,-745.74,121012.02,-0.61
2022-02-24,262,330.43,340.22,flat,86573.0,0.72,2559.74,123571.76,2.12
2022-02-28,445,347.77,345.07,stop,154758.0,1.25,-1210.4,122361.36,-0.98
2022-03-09,645,333.55,334.53,flat,215140.0,1.76,619.2,122980.56,0.51
2022-03-15,771,324.61,323.66,stop,250274.0,2.04,-747.87,122232.69,-0.61
2022-03-16,1145,336.85,335.775,stop,385693.0,3.16,-1253.78,120978.92,-1.03
2022-03-17,1424,339.59,339.215,stop,483576.0,4.0,-562.48,120416.44,-0.46
2022-03-18,912,347.23,351.34,flat,316674.0,2.63,3730.08,124146.52,3.1
2022-03-22,825,356.12,356.62,flat,293799.0,2.37,396.0,124542.52,0.32
2022-03-23,530,356.98,354.71,stop,189199.0,1.52,-1213.7,123328.82,-0.97
2022-04-04,740,367.83,368.74,flat,272194.0,2.21,658.6,123987.42,0.53
2022-04-08,1022,351.99,350.98,stop,359734.0,2.9,-1052.66,122934.76,-0.85
2022-04-13,649,344.45,346.475,flat,223548.0,1.82,1301.25,124236.0,1.06
2022-04-19,414,345.14,345.88,flat,142888.0,1.15,298.08,124534.08,0.24
2022-05-02,1582,314.73,314.06,stop,497903.0,4.0,-1091.58,123442.5,-0.88
2022-05-03,1072,319.3599,318.105,stop,342354.0,2.77,-1366.69,122075.81,-1.11
2022-05-13,545,301.24,299.68,stop,164176.0,1.34,-861.1,121214.71,-0.71
2022-05-19,551,293.155,290.75,stop,161528.0,1.33,-1336.17,119878.53,-1.1
2022-05-25,1658,289.075,288.21,stop,479286.0,4.0,-1467.33,118411.2,-1.22
2022-05-26,491,298.0,299.41,flat,146318.0,1.24,682.49,119093.69,0.58
2022-05-27,672,307.2499,308.915,flat,206472.0,1.73,1105.51,120199.2,0.93
2022-06-02,445,309.4899,314.495,flat,137723.0,1.15,2218.37,122417.57,1.85
2022-06-07,1164,307.72,306.6375,stop,358186.0,2.93,-1283.31,121134.26,-1.05
2022-06-08,1560,310.48,310.2199,stop,484349.0,4.0,-436.96,120697.3,-0.36
2022-06-15,1720,280.57,280.21,stop,482580.0,4.0,-653.6,120043.7,-0.54
2022-06-24,1645,291.88,294.26,flat,480143.0,4.0,3882.2,123925.9,3.23
2022-06-27,1684,294.1878,293.7,stop,495412.0,4.0,-855.14,123070.77,-0.69
2022-06-29,1733,284.0301,283.32,stop,492224.0,4.0,-1265.26,121805.5,-1.03
2022-07-05,545,281.28,286.715,flat,153298.0,1.26,2951.18,124756.68,2.42
2022-07-07,857,293.7301,295.22,flat,251727.0,2.02,1259.7,126016.38,1.01
2022-07-08,628,295.99,294.0101,stop,185882.0,1.48,-1255.94,124760.45,-1.0
2022-07-13,772,285.67,286.3,flat,220537.0,1.77,470.92,125231.37,0.38
2022-07-15,1724,290.42,290.25,stop,500684.0,4.0,-327.56,124903.81,-0.26
2022-07-18,1394,295.915,295.09,stop,412506.0,3.3,-1177.93,123725.88,-0.94
2022-07-19,576,296.005,298.335,flat,170499.0,1.38,1330.56,125056.44,1.08
2022-07-20,476,303.745,301.41,stop,144583.0,1.16,-1120.98,123935.46,-0.9
2022-07-27,1063,302.46,301.66,stop,321515.0,2.59,-871.66,123063.8,-0.7
2022-07-29,1573,312.84,312.54,stop,492097.0,4.0,-503.36,122560.44,-0.41
2022-08-01,769,317.982,316.4101,stop,244528.0,2.0,-1224.17,121336.27,-1.0
2022-08-03,567,321.34,322.91,flat,182200.0,1.5,878.85,122215.12,0.72
2022-08-12,1492,327.48,330.34,flat,488600.0,4.0,4237.28,126452.4,3.47
2022-08-15,785,332.28,333.06,flat,260840.0,2.06,596.6,127049.0,0.47
2022-08-24,775,316.45,314.9,stop,245249.0,1.93,-1216.75,125832.25,-0.96
2022-08-25,1584,317.72,317.49,stop,503268.0,4.0,-396.0,125436.25,-0.31
2022-09-08,1207,299.99,298.81,stop,362088.0,2.89,-1448.4,123987.85,-1.15
2022-09-09,1621,305.85,305.17,stop,495783.0,4.0,-1134.7,122853.15,-0.92
2022-09-16,1710,287.35,287.17,stop,491369.0,4.0,-342.0,122511.15,-0.28
2022-09-20,617,290.9,289.0399,stop,179485.0,1.47,-1160.02,121351.12,-0.95
2022-09-28,453,278.17,280.49,flat,126011.0,1.04,1041.9,122393.02,0.86
2022-10-03,1807,270.91,273.4389,flat,489534.0,4.0,4533.58,126926.61,3.7
2022-10-04,1799,282.17,281.47,stop,507624.0,4.0,-1295.28,125631.33,-1.02
2022-10-12,1442,264.43,263.4909,stop,381308.0,3.04,-1383.02,124248.3,-1.1
2022-10-13,195,267.06,269.09,flat,52077.0,0.42,391.95,124640.25,0.32
2022-10-17,1286,269.63,268.63,stop,346744.0,2.78,-1311.72,123328.53,-1.05
2022-10-20,1804,273.37,272.9574,stop,493159.0,4.0,-780.41,122548.12,-0.63
2022-10-21,463,272.421,275.515,flat,126131.0,1.03,1423.26,123971.39,1.16
2022-10-25,960,283.41,282.28,stop,272074.0,2.19,-1104.0,122867.39,-0.89
2022-10-26,507,283.15,280.57,stop,143557.0,1.17,-1318.2,121549.19,-1.07
2022-10-28,603,278.04,281.1,flat,167658.0,1.38,1833.12,123382.31,1.51
2022-11-08,538,272.176,270.29,stop,146431.0,1.19,-1025.43,122356.88,-0.83
2022-11-10,609,279.2725,282.54,flat,170077.0,1.39,1977.73,124334.61,1.62
2022-11-11,1748,284.47,287.83,flat,497254.0,4.0,5838.32,130172.93,4.7
2022-11-14,1631,286.98,286.88,stop,468064.0,3.6,-195.72,129977.21,-0.15
2022-11-17,575,284.8798,283.64,stop,163806.0,1.26,-724.39,129252.82,-0.56
2022-11-22,1187,283.35,286.03,flat,336336.0,2.6,3157.42,132410.24,2.44
2022-12-02,1706,290.82,290.08,stop,496139.0,3.75,-1296.56,131113.68,-0.98
2022-12-08,1523,283.61,283.0115,stop,431938.0,3.29,-941.98,130171.7,-0.72
2022-12-09,852,285.38,284.11,stop,243144.0,1.87,-1099.08,129072.62,-0.84
2022-12-14,1778,290.361,290.07,stop,516262.0,4.0,-552.96,128519.67,-0.43
2022-12-20,1835,269.88,269.16,stop,495230.0,3.85,-1357.9,127161.77,-1.06
2022-12-21,1862,273.1001,273.0,stop,508512.0,4.0,-223.63,126938.14,-0.18
2022-12-29,755,267.1287,266.73,flat,201682.0,1.59,-316.12,126622.02,-0.25
2023-01-06,483,266.71,268.67,flat,128821.0,1.02,937.02,127559.04,0.74
2023-01-09,847,274.89,273.52,stop,232832.0,1.83,-1177.33,126381.71,-0.92
2023-01-11,1757,275.22,277.375,flat,483562.0,3.83,3751.19,130132.91,2.97
2023-01-12,1034,278.03,279.035,flat,287483.0,2.21,1018.49,131151.4,0.78
2023-01-13,1886,278.07,281.09,flat,524440.0,4.0,5658.0,136809.4,4.31
2023-01-20,974,279.185,282.775,flat,271926.0,1.99,3477.18,140286.58,2.54
2023-01-23,649,289.09,287.66,stop,187619.0,1.34,-941.05,139345.53,-0.67
2023-01-27,1149,295.485,296.26,flat,339512.0,2.44,867.49,140213.02,0.62
2023-01-31,1917,292.4961,294.265,flat,560715.0,4.0,3352.64,143565.66,2.39
2023-02-03,1853,309.83,308.88,stop,574115.0,4.0,-1797.41,141768.25,-1.25
2023-02-13,824,304.2799,303.22,stop,250727.0,1.77,-889.84,140878.42,-0.63
2023-02-16,1123,307.27,306.5599,stop,345064.0,2.45,-819.9,140058.51,-0.58
2023-02-28,1904,294.14,294.5586,stop,560043.0,4.0,758.93,140817.45,0.54
2023-03-02,1942,289.99,289.63,stop,563161.0,4.0,-737.96,140079.49,-0.52
2023-03-03,1332,297.6,299.65,flat,396403.0,2.83,2703.96,142783.45,1.93
2023-03-06,1633,303.32,302.5,stop,495322.0,3.47,-1371.72,141411.73,-0.96
2023-03-10,1937,291.98,291.46,stop,565565.0,4.0,-1045.98,140365.75,-0.74
2023-03-13,363,293.93,291.17,stop,106697.0,0.76,-1009.14,139356.61,-0.72
2023-03-14,1050,297.48,296.2399,stop,312354.0,2.24,-1323.11,138033.5,-0.95
2023-03-16,344,305.26,306.9,flat,105009.0,0.76,557.28,138590.78,0.4
2023-03-20,1822,304.22,303.79,stop,554289.0,4.0,-819.9,137770.88,-0.59
2023-03-22,1768,311.61,310.91,stop,550926.0,4.0,-1272.96,136497.92,-0.92
2023-03-23,1436,313.0,312.13,stop,449468.0,3.29,-1278.04,135219.88,-0.94
2023-03-31,1074,318.78,320.97,flat,342370.0,2.53,2330.58,137550.46,1.72
2023-04-06,535,317.29,318.115,flat,169750.0,1.23,430.67,137981.14,0.31
2023-04-10,1751,315.173,314.45,stop,551868.0,4.0,-1300.99,136680.14,-0.94
2023-04-13,1232,317.55,319.12,flat,391222.0,2.86,1909.6,138589.74,1.4
2023-04-19,1128,318.66,318.72,flat,359448.0,2.59,45.12,138634.86,0.03
2023-04-20,1745,317.68,317.58,stop,554352.0,4.0,-209.4,138425.46,-0.15
2023-04-27,950,318.1,320.37,flat,302195.0,2.18,2137.5,140562.96,1.54
2023-04-28,1751,321.06,322.36,flat,562176.0,4.0,2241.28,142804.24,1.59
2023-05-05,1323,321.41,322.82,flat,425225.0,2.98,1838.97,144643.21,1.29
2023-05-16,1443,328.5,327.82,stop,474026.0,3.28,-1010.1,143633.11,-0.7
2023-05-17,1746,328.935,331.255,flat,574321.0,4.0,4015.8,147648.91,2.8
2023-05-18,1112,335.58,334.49,stop,373165.0,2.53,-1234.32,146414.59,-0.84
2023-05-23,1739,336.731,336.45,stop,585575.0,4.0,-523.44,145891.16,-0.36
2023-05-25,1484,339.15,339.76,flat,503299.0,3.45,875.56,146766.72,0.6
2023-05-26,647,347.2,348.68,flat,224638.0,1.53,944.62,147711.34,0.64
2023-06-01,585,351.15,351.755,flat,205423.0,1.39,342.23,148053.56,0.23
2023-06-05,1460,356.975,355.95,stop,521184.0,3.52,-1525.7,146527.86,-1.03
2023-06-06,1104,355.7,354.45,stop,392693.0,2.68,-1402.08,145125.78,-0.96
2023-06-08,841,352.83,351.4199,stop,296730.0,2.04,-1202.71,143923.07,-0.83
2023-06-14,1577,364.99,364.485,stop,575589.0,4.0,-827.92,143095.14,-0.58
2023-06-15,841,368.6,370.325,flat,309993.0,2.17,1433.9,144529.05,1.0
2023-06-22,1326,364.55,363.47,stop,483393.0,3.34,-1458.6,143070.45,-1.01
2023-06-23,1577,362.8,362.35,stop,572136.0,4.0,-741.19,142329.26,-0.52
2023-06-28,1188,365.45,364.36,stop,434155.0,3.05,-1318.68,141010.58,-0.93
2023-07-13,1495,377.225,379.28,flat,563951.0,4.0,3042.32,144052.9,2.16
2023-07-14,1509,381.7,381.45,stop,575985.0,4.0,-407.43,143645.47,-0.28
2023-07-17,1253,381.56,382.61,flat,478095.0,3.33,1290.59,144936.06,0.9
2023-07-18,712,383.5,385.995,flat,273052.0,1.88,1762.2,146698.26,1.22
2023-07-24,1559,376.16,375.9711,stop,586433.0,4.0,-325.68,146372.59,-0.22
2023-07-25,1546,378.6899,379.07,flat,585455.0,4.0,556.71,146929.3,0.38
2023-07-28,913,384.11,382.69,stop,350692.0,2.39,-1314.72,145614.58,-0.89
2023-08-03,1557,373.9707,373.89,stop,582272.0,4.0,-156.79,145457.79,-0.11
2023-08-14,1167,368.9668,370.14,flat,430584.0,2.96,1345.78,146803.58,0.93
2023-08-23,832,369.15,369.0701,flat,307133.0,2.09,-83.12,146720.46,-0.06
2023-08-29,581,373.7,374.5701,flat,217120.0,1.48,493.91,147214.37,0.34
2023-08-31,1555,378.6199,378.58,stop,588754.0,4.0,-93.14,147121.22,-0.06
2023-09-18,1478,371.4895,370.6,stop,549061.0,3.73,-1344.24,145776.98,-0.91
2023-09-22,1617,360.55,360.3508,stop,583009.0,4.0,-354.45,145422.53,-0.24
2023-09-25,1612,358.68,357.7786,stop,578192.0,3.98,-1485.3,143937.24,-1.02
2023-09-28,395,359.33,358.155,flat,141935.0,0.99,-472.03,143465.21,-0.33
2023-10-06,304,363.31,364.72,flat,110446.0,0.77,422.56,143887.77,0.29
2023-10-09,1584,363.185,366.54,flat,575285.0,4.0,5282.64,149170.41,3.67
2023-10-10,822,370.88,369.325,stop,304863.0,2.04,-1294.65,147875.76,-0.87
2023-10-12,1569,373.225,372.29,stop,585590.0,3.96,-1498.4,146377.37,-1.01
2023-10-16,1587,368.83,368.6,stop,585333.0,4.0,-396.75,145980.62,-0.27
2023-10-17,588,369.113,367.2585,stop,217038.0,1.49,-1102.21,144878.41,-0.76
2023-10-23,589,356.94,355.77,stop,210238.0,1.45,-700.91,144177.5,-0.48
2023-10-24,1608,358.62,358.3,stop,576661.0,4.0,-546.72,143630.78,-0.38
2023-10-31,1646,348.97,348.2,stop,574405.0,4.0,-1300.34,142330.44,-0.91
2023-11-01,1609,353.83,353.3899,stop,569312.0,4.0,-740.3,141590.14,-0.52
2023-11-03,1508,366.98,367.82,flat,553406.0,3.91,1236.56,142826.7,0.87
2023-11-07,1533,372.45,371.65,stop,570966.0,4.0,-1257.06,141569.64,-0.88
2023-11-10,789,374.77,378.235,flat,295694.0,2.09,2718.11,144287.75,1.92
2023-11-13,1194,377.8577,377.185,flat,451162.0,3.13,-827.08,143460.66,-0.57
2023-11-20,1475,388.836,390.535,flat,573533.0,4.0,2476.53,145937.19,1.73
2023-11-27,1496,390.19,389.87,stop,583724.0,4.0,-508.64,145428.55,-0.35
2023-11-28,1145,390.43,389.12,stop,447042.0,3.07,-1522.85,143905.7,-1.05
2023-12-07,1014,390.2301,390.69,flat,395693.0,2.75,446.06,144351.76,0.31
2023-12-11,1466,393.68,395.5401,flat,577135.0,4.0,2697.59,147049.34,1.87
2023-12-12,1483,396.56,398.61,flat,588098.0,4.0,3010.49,150059.83,2.05
2023-12-15,1478,405.9803,405.6,stop,600039.0,4.0,-591.64,149468.19,-0.39
2023-12-18,1471,406.41,407.215,flat,597829.0,4.0,1154.73,150622.92,0.77
2023-12-20,1469,409.86,409.34,stop,602084.0,4.0,-793.26,149829.66,-0.53
2023-12-26,1461,410.03,409.93,stop,599054.0,4.0,-175.32,149654.34,-0.12
2024-01-04,1503,398.18,397.83,stop,598465.0,4.0,-556.11,149098.23,-0.37
2024-01-08,1004,402.06,405.06,flat,403668.0,2.71,2991.92,152090.15,2.01
2024-01-09,656,405.57,405.7,flat,266054.0,1.75,72.16,152162.31,0.05
2024-01-16,1486,409.32,409.084,stop,608250.0,4.0,-380.42,151781.9,-0.25
2024-01-19,1456,416.91,421.19,flat,607021.0,4.0,6202.56,157984.46,4.09
2024-01-23,1497,421.93,421.634,stop,631629.0,4.0,-473.05,157511.41,-0.3
2024-01-24,1324,428.84,427.891,stop,567784.0,3.6,-1282.96,156228.45,-0.81
2024-02-02,585,428.765,429.55,flat,250828.0,1.61,447.53,156675.98,0.29
2024-02-07,1450,431.97,431.21,stop,626356.0,4.0,-1131.0,155544.98,-0.72
2024-02-08,1436,433.24,432.5911,stop,622133.0,4.0,-960.54,154584.43,-0.62
2024-02-09,1418,435.835,437.025,flat,618014.0,4.0,1659.06,156243.49,1.07
2024-02-12,1425,438.575,437.76,stop,624969.0,4.0,-1189.87,155053.62,-0.76
2024-02-13,1443,429.52,428.86,stop,619797.0,4.0,-981.24,154072.38,-0.63
2024-02-21,1450,424.74,424.28,stop,615873.0,4.0,-696.0,153376.38,-0.45
2024-02-22,1408,435.64,438.45,flat,613381.0,4.0,3928.32,157304.7,2.56
2024-02-26,1436,437.95,437.55,stop,628896.0,4.0,-603.12,156701.58,-0.38
2024-02-27,1433,437.165,437.04,stop,626457.0,4.0,-207.78,156493.79,-0.13
2024-02-28,1435,436.205,435.47,stop,625954.0,4.0,-1083.42,155410.37,-0.69
2024-03-01,1153,443.16,445.74,flat,510963.0,3.29,2951.68,158362.05,1.9
2024-03-07,876,445.305,445.54,flat,390087.0,2.46,188.34,158550.39,0.12
2024-03-12,1000,442.11,440.43,stop,442110.0,2.79,-1700.0,156850.39,-1.07
2024-03-19,1424,435.7995,438.83,flat,620578.0,3.96,4286.95,161137.34,2.73
2024-03-20,1468,438.84,438.785,stop,644217.0,4.0,-110.1,161027.24,-0.07
2024-03-22,1444,445.93,445.69,stop,643923.0,4.0,-375.44,160651.8,-0.23
2024-03-25,1442,445.35,444.955,stop,642195.0,4.0,-598.43,160053.37,-0.37
2024-03-28,1438,444.905,444.725,stop,639773.0,4.0,-287.6,159765.77,-0.18
2024-04-03,1443,442.66,442.16,stop,638758.0,4.0,-750.36,159015.41,-0.47
2024-04-05,498,442.39,440.02,stop,220310.0,1.39,-1190.22,157825.19,-0.75
2024-04-18,1247,427.2901,425.84,stop,532831.0,3.38,-1833.21,155991.98,-1.16
2024-04-23,1470,424.21,424.945,flat,623589.0,4.0,1051.05,157043.03,0.67
2024-04-25,1493,420.66,424.185,flat,628045.0,4.0,5232.96,162275.99,3.33
2024-04-26,1506,430.86,431.195,flat,648875.0,4.0,474.39,162750.38,0.29
2024-04-29,1506,432.27,432.252,stop,650999.0,4.0,-57.23,162693.15,-0.04
2024-05-06,1485,438.055,437.695,stop,650512.0,4.0,-564.3,162128.85,-0.35
2024-05-08,1473,440.0599,439.6694,stop,648208.0,4.0,-604.67,161524.19,-0.37
2024-05-09,1467,440.2,440.735,flat,645773.0,4.0,755.51,162279.69,0.47
2024-05-13,1465,443.08,442.995,stop,649112.0,4.0,-153.82,162125.87,-0.09
2024-05-14,1461,443.76,443.61,stop,648333.0,4.0,-248.37,161877.5,-0.15
2024-05-15,1438,450.15,452.96,flat,647316.0,4.0,4012.02,165889.52,2.48
2024-05-16,1461,454.0111,453.595,stop,663310.0,4.0,-637.14,165252.38,-0.38
2024-05-17,1462,452.0992,451.9301,stop,660969.0,4.0,-276.46,164975.91,-0.17
2024-05-20,1452,454.46,453.84,stop,659876.0,4.0,-929.28,164046.63,-0.56
2024-05-21,1443,454.43,455.965,flat,655742.0,4.0,2186.14,166232.78,1.33
2024-05-24,1135,458.54,457.45,stop,520443.0,3.13,-1259.85,164972.93,-0.76
2024-05-28,1436,459.2399,458.72,stop,659468.0,4.0,-775.3,164197.63,-0.47
2024-05-29,1436,457.29,456.96,stop,656668.0,4.0,-502.6,163695.03,-0.31
2024-06-07,1411,463.9,463.705,stop,654563.0,4.0,-303.36,163391.66,-0.19
2024-06-10,1347,464.2185,463.3894,stop,625302.0,3.83,-1143.74,162247.93,-0.7
2024-06-11,1398,464.07,467.7201,flat,648770.0,4.0,5074.88,167322.81,3.13
2024-06-12,1410,474.475,474.1895,stop,669010.0,4.0,-430.76,166892.05,-0.26
2024-06-14,1398,477.47,477.3,stop,667503.0,4.0,-265.62,166626.43,-0.16
2024-06-17,1385,480.966,485.09,flat,666138.0,4.0,5684.04,172310.47,3.41
2024-06-21,1045,482.2231,480.66,stop,503923.0,2.92,-1654.34,170656.13,-0.96
2024-06-25,1124,478.9601,477.46,stop,538351.0,3.15,-1708.59,168947.54,-1.0
2024-07-02,1399,482.88,482.71,stop,675549.0,4.0,-265.81,168681.73,-0.16
2024-07-05,985,495.44,496.34,flat,488008.0,2.89,866.8,169548.53,0.51
2024-07-12,1367,495.96,495.235,stop,677977.0,4.0,-1018.41,168530.12,-0.6
2024-07-15,1351,498.69,498.372,stop,673730.0,4.0,-456.64,168073.48,-0.27
2024-07-31,1111,470.37,468.65,stop,522581.0,3.11,-1933.14,166140.34,-1.15
2024-08-05,437,437.495,434.71,stop,191185.0,1.15,-1225.79,164914.55,-0.74
2024-08-06,428,443.8,442.089,stop,189946.0,1.15,-740.87,164173.68,-0.45
2024-08-08,597,445.37,447.3,flat,265886.0,1.62,1140.27,165313.95,0.69
2024-08-12,1030,453.1689,451.4899,stop,466764.0,2.82,-1749.97,163563.98,-1.06
2024-08-13,1103,459.43,462.25,flat,506751.0,3.1,3088.4,166652.38,1.89
2024-08-15,825,473.1,473.91,flat,390308.0,2.34,651.75,167304.13,0.39
2024-08-16,1410,474.41,475.11,flat,668918.0,4.0,958.8,168262.93,0.57
2024-08-27,1415,475.65,476.54,flat,673045.0,4.0,1231.05,169493.98,0.73
2024-08-29,1421,476.84,475.89,stop,677590.0,4.0,-1378.37,168115.61,-0.81
2024-09-13,1225,475.87,474.5099,stop,582941.0,3.47,-1690.62,166424.99,-1.01
2024-09-19,1375,483.915,483.845,stop,665383.0,4.0,-123.75,166301.24,-0.07
2024-09-23,1375,483.54,482.71,stop,664868.0,4.0,-1168.75,165132.49,-0.7
2024-10-02,815,483.2,481.279,stop,393808.0,2.38,-1581.91,163550.58,-0.96
2024-10-03,1354,482.81,481.95,stop,653725.0,4.0,-1191.52,162359.06,-0.73
2024-10-07,1337,485.7299,485.435,stop,649421.0,4.0,-421.02,161938.04,-0.26
2024-10-08,1236,488.025,486.68,stop,603199.0,3.72,-1687.14,160250.9,-1.04
2024-10-09,679,492.64,493.375,flat,334503.0,2.09,485.49,160736.38,0.3
2024-10-10,700,493.955,492.31,stop,345768.0,2.15,-1165.5,159570.88,-0.73
2024-10-11,1293,493.61,492.52,stop,638238.0,4.0,-1435.23,158135.65,-0.9
2024-10-22,1279,494.2925,494.1,stop,632200.0,4.0,-271.79,157863.86,-0.17
2024-10-29,767,498.8401,499.94,flat,382610.0,2.42,828.28,158692.15,0.52
2024-10-30,1270,499.53,498.86,stop,634403.0,4.0,-876.3,157815.85,-0.55
2024-11-01,1290,489.275,488.5143,stop,631165.0,4.0,-1007.1,156808.74,-0.64
2024-11-05,985,492.03,490.875,stop,484650.0,3.09,-1157.37,155651.37,-0.74
2024-11-06,1237,503.03,505.73,flat,622248.0,4.0,3315.16,158966.53,2.13
2024-11-07,832,512.75,513.23,flat,426608.0,2.68,382.72,159349.25,0.24
2024-11-18,1273,500.69,499.66,stop,637378.0,4.0,-1336.65,158012.6,-0.84
2024-11-19,1141,500.87,503.51,flat,571493.0,3.62,2989.42,161002.02,1.89
2024-12-02,895,515.62,514.29,stop,461480.0,2.87,-1208.25,159793.77,-0.75
2024-12-03,1240,515.324,514.925,stop,639002.0,4.0,-519.56,159274.21,-0.33
2024-12-04,1221,521.73,521.0757,stop,637032.0,4.0,-823.32,158450.89,-0.52
2024-12-06,1206,525.5,525.42,stop,633753.0,4.0,-120.6,158330.29,-0.08
2024-12-11,894,529.28,530.05,flat,473176.0,2.99,670.5,159000.79,0.42
2024-12-16,931,536.7001,537.99,flat,499668.0,3.14,1182.28,160183.06,0.74
2024-12-18,1196,535.72,535.4001,stop,640721.0,4.0,-406.52,159776.54,-0.25
2024-12-20,279,523.24,519.05,stop,145984.0,0.91,-1174.59,158601.95,-0.74
2024-12-26,1060,530.3501,529.08,stop,562171.0,3.54,-1367.51,157234.45,-0.86
2025-07-02,1143,550.195,550.94,flat,628873.0,4.0,828.68,158063.12,0.53
2025-07-11,1138,555.13,554.55,stop,631738.0,4.0,-682.8,157380.32,-0.43
2025-07-14,1133,555.45,556.09,flat,629325.0,4.0,702.46,158082.78,0.45
2025-07-17,867,561.51,561.68,flat,486829.0,3.08,130.05,158212.83,0.08
2025-07-25,1117,566.455,566.2,stop,632730.0,4.0,-307.17,157905.66,-0.19
2025-07-30,1109,569.0301,568.245,stop,631054.0,4.0,-892.86,157012.8,-0.57
2025-08-04,1115,563.15,564.29,flat,627912.0,4.0,1248.8,158261.6,0.8
2025-08-06,607,565.725,567.208,flat,343395.0,2.17,888.04,159149.64,0.56
2025-08-08,1109,573.69,574.41,flat,636222.0,4.0,776.3,159925.94,0.49
2025-08-11,1111,575.78,575.26,stop,639692.0,4.0,-599.94,159326.0,-0.38
2025-08-14,1098,579.9915,579.74,stop,636831.0,4.0,-298.11,159027.9,-0.19
2025-08-22,1111,572.06,570.73,stop,635559.0,4.0,-1499.85,157528.05,-0.94
2025-08-25,889,573.05,571.6699,stop,509441.0,3.23,-1244.69,156283.36,-0.79
2025-08-26,1094,571.16,570.8,stop,624849.0,4.0,-415.72,155867.64,-0.27
2025-08-27,1087,573.49,572.23,stop,623384.0,4.0,-1391.36,154476.28,-0.89
2025-08-28,1074,575.16,577.42,flat,617722.0,4.0,2405.76,156882.04,1.56
2025-09-08,1081,580.22,579.8,stop,627218.0,4.0,-475.64,156406.4,-0.3
2025-09-11,1070,584.48,584.6658,flat,625394.0,4.0,177.41,156583.8,0.11
2025-09-12,1068,586.08,586.23,stop,625933.0,4.0,138.84,156722.64,0.09
2025-09-15,1060,590.8601,590.13,stop,626312.0,4.0,-795.11,155927.54,-0.51
2025-09-18,1046,596.275,596.09,stop,623704.0,4.0,-214.43,155713.11,-0.14
2025-09-22,1037,600.31,602.61,flat,622521.0,4.0,2364.36,158077.47,1.52
2025-09-25,548,594.85,592.27,stop,325978.0,2.06,-1424.8,156652.67,-0.9
2025-09-30,1047,598.24,597.73,stop,626357.0,4.0,-554.91,156097.76,-0.35
2025-10-01,714,601.43,603.7007,flat,429421.0,2.75,1607.0,157704.76,1.03
2025-10-08,1035,609.4582,611.64,flat,630789.0,4.0,2237.46,159942.22,1.42
2025-10-13,1064,601.1,602.05,flat,639570.0,4.0,989.52,160931.74,0.62
2025-10-14,411,599.29,597.75,stop,246308.0,1.53,-641.16,160290.58,-0.4
2025-10-17,852,601.28,604.11,flat,512291.0,3.2,2394.12,162684.7,1.49
2025-10-20,1063,611.92,611.82,flat,650471.0,4.0,-127.56,162557.14,-0.08
2025-10-23,1067,609.13,610.65,flat,649942.0,4.0,1600.5,164157.64,0.98
2025-10-24,1063,617.595,617.2088,stop,656503.0,4.0,-431.79,163725.85,-0.26
2025-10-27,1045,626.56,628.4,flat,654755.0,4.0,1901.9,165627.75,1.16
2025-11-05,621,624.08,623.46,flat,387554.0,2.34,-397.44,165230.31,-0.24
2025-11-14,274,611.8151,608.43,flat,167637.0,1.01,-933.0,164297.31,-0.56
2025-11-24,587,603.31,605.53,flat,354143.0,2.16,1291.4,165588.71,0.79
2025-11-25,546,604.77,609.355,flat,330204.0,1.99,2492.49,168081.2,1.51
2025-12-01,658,618.2054,616.47,stop,406779.0,2.42,-1155.05,166926.15,-0.69
2025-12-03,1074,621.3901,623.42,flat,667373.0,4.0,2158.63,169084.78,1.29
2025-12-09,1081,625.22,624.995,flat,675863.0,4.0,-264.85,168819.94,-0.16
2025-12-18,1066,611.99,610.33,stop,652381.0,3.86,-1790.88,167029.06,-1.06
2025-12-19,1085,615.6699,616.885,flat,668002.0,4.0,1296.68,168325.74,0.78
2026-01-05,1086,619.85,619.08,stop,673157.0,4.0,-857.94,167467.8,-0.51
2026-01-07,696,627.385,625.585,stop,436660.0,2.61,-1266.72,166201.08,-0.76
2026-01-12,1059,627.27,627.47,flat,664279.0,4.0,190.62,166391.7,0.11
2026-01-20,1083,614.3,612.79,stop,665287.0,4.0,-1656.99,164734.71,-1.0
2026-01-23,1056,623.65,622.63,stop,658574.0,4.0,-1098.24,163636.47,-0.67
2026-01-26,1043,626.9668,626.07,stop,653926.0,4.0,-956.22,162680.25,-0.58
2026-01-27,1031,631.155,630.43,stop,650721.0,4.0,-768.1,161912.15,-0.47
2026-02-02,674,627.4,625.805,stop,422868.0,2.61,-1088.51,160823.64,-0.67
2026-02-06,754,605.69,610.53,flat,456690.0,2.84,3634.28,164457.92,2.26
2026-02-09,349,615.71,614.95,flat,214883.0,1.31,-272.22,164185.7,-0.17
2026-02-13,630,604.03,602.7101,stop,380539.0,2.32,-844.14,163341.57,-0.51
2026-02-18,788,608.195,606.56,stop,479258.0,2.93,-1304.14,162037.43,-0.8
2026-02-20,597,609.24,606.5835,stop,363716.0,2.24,-1597.87,160439.56,-0.99
2026-02-24,689,607.65,608.05,flat,418671.0,2.61,261.82,160701.38,0.16
2026-02-25,1045,614.885,616.4,flat,642555.0,4.0,1562.27,162263.65,0.97
2026-02-27,1068,607.34,605.87,stop,648639.0,4.0,-1591.32,160672.33,-0.98
2026-03-02,476,608.24,608.87,flat,289522.0,1.8,290.36,160962.69,0.18
2026-03-04,613,611.1899,610.98,flat,374659.0,2.33,-140.93,160821.76,-0.09
2026-03-06,676,604.895,602.53,stop,408909.0,2.54,-1612.26,159209.5,-1.0
2026-03-09,410,599.1,608.1,flat,245631.0,1.54,3681.8,162891.3,2.31
2026-03-19,1102,590.8052,590.14,stop,651067.0,4.0,-755.09,162136.21,-0.46
2026-03-24,1106,586.02,585.01,stop,648138.0,4.0,-1139.18,160997.03,-0.7
2026-04-01,576,586.835,584.71,stop,338017.0,2.1,-1235.52,159761.51,-0.77
2026-04-02,473,582.805,584.8,flat,275667.0,1.73,934.18,160695.69,0.58
2026-04-13,1051,611.55,617.44,flat,642739.0,4.0,6169.37,166865.06,3.84
2026-04-14,744,625.5456,628.245,flat,465406.0,2.79,1993.47,168858.53,1.19
2026-04-15,835,633.26,631.63,stop,528772.0,3.13,-1377.75,167480.78,-0.82
2026-04-16,494,641.78,638.7792,stop,317039.0,1.89,-1492.28,165988.5,-0.89
2026-04-17,1024,647.97,647.885,stop,663521.0,4.0,-107.52,165880.98,-0.06
2026-04-22,1016,652.49,655.04,flat,662930.0,4.0,2570.48,168451.46,1.55
2026-04-23,1028,655.27,654.2999,stop,673618.0,4.0,-1017.82,167433.64,-0.6
2026-04-24,543,662.88,664.125,flat,359944.0,2.15,665.18,168098.82,0.4
2026-05-01,995,675.35,673.785,stop,671973.0,4.0,-1577.08,166521.74,-0.94
2026-05-05,977,681.3399,681.03,stop,665669.0,4.0,-322.31,166199.43,-0.19
2026-05-06,900,691.8,695.48,flat,622620.0,3.75,3294.0,169493.43,1.98
2026-05-08,797,707.63,710.88,flat,563981.0,3.33,2574.31,172067.74,1.52
2026-05-13,968,710.8,714.6,flat,688054.0,4.0,3659.04,175726.78,2.13
2026-05-14,659,721.6501,719.105,stop,475567.0,2.71,-1690.4,174036.38,-0.96
2026-05-15,979,710.44,709.77,stop,695521.0,4.0,-675.51,173360.87,-0.39
2026-05-28,525,734.605,735.55,flat,385668.0,2.22,485.62,173846.49,0.28
2026-06-02,670,745.76,743.71,stop,499659.0,2.87,-1386.9,172459.59,-0.8
2026-06-15,532,744.14,742.72,flat,395882.0,2.3,-766.08,171693.51,-0.44
2026-06-18,631,738.84,741.26,flat,466208.0,2.72,1514.4,173207.91,0.88
2026-06-25,969,714.31,713.7899,stop,692166.0,4.0,-523.36,172684.56,-0.3
2026-06-26,554,713.15,710.405,stop,395085.0,2.29,-1531.81,171152.75,-0.89
