date,reason,pnl,equity,lev,ret_R
2018-01-03,flat,339.29,100339.29,2.0,
2018-01-05,flat,260.61,100599.9,2.0,
2018-01-08,stop,-142.37,100457.53,2.0,
2018-01-09,stop,6.18,100463.71,2.0,
2018-01-12,flat,110.07,100573.78,2.0,
2018-01-17,flat,1064.45,101638.23,2.0,
2018-01-22,flat,545.85,102184.08,2.0,
2018-01-23,stop,-132.77,102051.31,2.0,
2018-01-25,stop,-458.28,101593.03,2.0,
2018-01-26,flat,1274.57,102867.6,2.0,
2018-02-01,stop,-618.63,102248.97,2.0,
2018-02-05,stop,-323.18,101925.79,2.0,
2018-02-06,stop,-179.13,101746.66,2.0,
2018-02-07,stop,-748.8,100997.86,2.0,
2018-02-13,stop,-541.27,100456.58,2.0,
2018-02-14,flat,2126.13,102582.72,2.0,
2018-02-16,stop,-640.64,101942.08,2.0,
2018-02-20,stop,-1174.08,100768.0,2.0,
2018-02-21,stop,-416.52,100351.48,2.0,
2018-02-26,flat,698.56,101050.04,2.0,
2018-03-02,flat,1742.34,102792.38,2.0,
2018-03-09,flat,799.31,103591.69,2.0,
2018-03-15,stop,-358.85,103232.84,2.0,
2018-03-21,stop,-208.81,103024.03,2.0,
2018-03-29,flat,1513.98,104538.01,2.0,
2018-04-04,flat,4109.7,108647.71,2.0,
2018-04-09,stop,-1056.12,107591.59,2.0,
2018-04-10,stop,-228.14,107363.45,2.0,
2018-04-11,stop,-677.79,106685.66,2.0,
2018-04-12,stop,-197.25,106488.41,2.0,
2018-04-17,flat,334.1,106822.51,2.0,
2018-04-23,stop,-614.76,106207.75,2.0,
2018-04-26,flat,987.0,107194.75,2.0,
2018-05-04,flat,672.07,107866.82,2.0,
2018-05-07,stop,-569.36,107297.46,2.0,
2018-05-08,stop,-58.23,107239.23,2.0,
2018-05-10,stop,-164.84,107074.39,2.0,
2018-05-11,stop,-176.82,106897.57,2.0,
2018-05-16,stop,-113.94,106783.63,2.0,
2018-05-23,flat,2143.32,108926.95,2.0,
2018-05-25,stop,-256.0,108670.95,2.0,
2018-06-01,flat,62.82,108733.78,2.0,
2018-06-04,flat,450.36,109184.14,2.0,
2018-06-12,stop,-434.7,108749.44,2.0,
2018-06-13,stop,-442.44,108307.0,2.0,
2018-06-14,stop,-347.7,107959.3,2.0,
2018-06-15,flat,177.04,108136.34,2.0,
2018-06-18,flat,294.24,108430.58,2.0,
2018-07-02,stop,-317.0,108113.58,2.0,
2018-07-06,flat,425.73,108539.31,2.0,
2018-07-10,stop,-329.94,108209.37,2.0,
2018-07-12,flat,629.2,108838.57,2.0,
2018-07-13,stop,-302.5,108536.07,2.0,
2018-07-17,flat,821.44,109357.51,2.0,
2018-07-19,stop,-377.82,108979.69,2.0,
2018-07-23,flat,340.48,109320.17,2.0,
2018-07-25,flat,1790.91,111111.08,2.0,
2018-07-26,stop,-399.1,110711.98,2.0,
2018-08-02,flat,1870.71,112582.69,2.0,
2018-08-06,flat,735.73,113318.42,2.0,
2018-08-08,stop,-186.9,113131.52,2.0,
2018-08-09,stop,74.52,113206.04,2.0,
2018-08-16,stop,-349.31,112856.74,2.0,
2018-08-21,stop,-348.88,112507.86,2.0,
2018-08-24,stop,-462.38,112045.48,2.0,
2018-08-27,flat,-139.84,111905.64,2.0,
2018-08-29,flat,378.0,112283.64,2.0,
2018-08-30,stop,-84.07,112199.57,2.0,
2018-09-07,stop,-381.92,111817.65,2.0,
2018-09-11,flat,-152.5,111665.15,2.0,
2018-09-13,stop,-495.28,111169.87,2.0,
2018-09-18,stop,-750.82,110419.05,2.0,
2018-09-20,stop,-299.0,110120.05,2.0,
2018-09-21,stop,-119.2,110000.85,2.0,
2018-09-24,flat,588.71,110589.56,2.0,
2018-09-26,stop,-173.13,110416.43,2.0,
2018-09-27,stop,-308.1,110108.33,2.0,
2018-09-28,stop,-450.42,109657.91,2.0,
2018-10-02,stop,-849.7,108808.21,2.0,
2018-10-09,stop,-692.87,108115.34,2.0,
2018-10-25,flat,1780.8,109896.14,2.0,
2018-10-30,stop,-822.41,109073.73,2.0,
2018-11-07,flat,929.88,110003.61,2.0,
2018-11-21,stop,-286.23,109717.38,2.0,
2018-11-27,stop,-846.09,108871.29,2.0,
2018-11-30,stop,-63.23,108808.06,2.0,
2018-12-12,stop,-1040.0,107768.06,2.0,
2018-12-17,stop,-1830.92,105937.15,2.0,
2018-12-19,stop,-489.88,105447.27,2.0,
2019-01-04,flat,880.75,106328.02,2.0,
2019-01-07,flat,-402.6,105925.42,2.0,
2019-01-10,stop,-883.73,105041.69,2.0,
2019-01-11,stop,-301.07,104740.62,2.0,
2019-01-14,stop,-301.76,104438.86,2.0,
2019-01-15,stop,-978.25,103460.61,2.0,
2019-01-17,flat,1106.64,104567.25,2.0,
2019-01-25,stop,-455.04,104112.21,2.0,
2019-01-31,stop,-1117.84,102994.37,2.0,
2019-02-01,stop,-415.82,102578.55,2.0,
2019-02-04,flat,260.8,102839.35,2.0,
2019-02-05,stop,-281.01,102558.33,2.0,
2019-02-12,flat,134.76,102693.09,2.0,
2019-02-14,flat,368.11,103061.2,2.0,
2019-02-19,stop,-375.44,102685.76,2.0,
2019-02-22,stop,-771.96,101913.8,2.0,
2019-02-26,stop,-199.41,101714.39,2.0,
2019-03-05,flat,52.38,101766.77,2.0,
2019-03-11,flat,794.92,102561.69,2.0,
2019-03-12,stop,-419.4,102142.29,2.0,
2019-03-13,stop,-230.2,101912.09,2.0,
2019-03-15,stop,-102.87,101809.22,2.0,
2019-03-21,flat,975.16,102784.38,2.0,
2019-04-05,stop,-77.98,102706.4,2.0,
2019-04-08,flat,667.8,103374.2,2.0,
2019-04-09,stop,-78.26,103295.94,2.0,
2019-04-10,stop,-323.35,102972.59,2.0,
2019-04-22,flat,307.44,103280.03,2.0,
2019-04-23,flat,282.62,103562.65,2.0,
2019-05-03,flat,815.25,104377.9,2.0,
2019-05-06,stop,-618.24,103759.66,2.0,
2019-05-08,stop,-333.9,103425.76,2.0,
2019-05-14,flat,-602.79,102822.97,2.0,
2019-05-15,flat,258.75,103081.72,2.0,
2019-05-16,stop,-907.49,102174.22,2.0,
2019-05-17,stop,-421.04,101753.18,2.0,
2019-05-20,stop,-146.51,101606.67,2.0,
2019-05-31,stop,-499.23,101107.44,2.0,
2019-06-04,flat,988.51,102095.96,2.0,
2019-06-07,flat,33.81,102129.77,2.0,
2019-06-10,stop,-962.22,101167.55,2.0,
2019-06-14,stop,-144.17,101023.38,2.0,
2019-06-17,stop,-66.05,100957.33,2.0,
2019-06-19,stop,-173.28,100784.05,2.0,
2019-06-21,stop,-64.23,100719.81,2.0,
2019-06-24,stop,-233.14,100486.67,2.0,
2019-07-09,flat,538.56,101025.23,2.0,
2019-07-22,stop,-294.28,100730.95,2.0,
2019-07-24,flat,1001.67,101732.62,2.0,
2019-07-26,flat,72.87,101805.49,2.0,
2019-08-01,stop,-1370.26,100435.23,2.0,
2019-08-07,stop,-286.52,100148.71,2.0,
2019-08-08,flat,815.86,100964.57,2.0,
2019-08-13,stop,-685.44,100279.13,2.0,
2019-08-16,stop,-259.68,100019.45,2.0,
2019-08-20,stop,-372.05,99647.4,2.0,
2019-08-21,stop,-105.4,99542.0,2.0,
2019-08-28,flat,43.0,99585.0,2.0,
2019-09-05,stop,-48.31,99536.69,2.0,
2019-09-10,stop,-241.04,99295.65,2.0,
2019-09-11,stop,-532.0,98763.66,2.0,
2019-09-12,stop,-193.42,98570.24,2.0,
2019-09-17,stop,-154.05,98416.19,2.0,
2019-09-30,stop,-114.73,98301.46,2.0,
2019-10-04,flat,775.27,99076.73,2.0,
2019-10-07,stop,-707.41,98369.32,2.0,
2019-10-09,flat,73.5,98442.82,2.0,
2019-10-10,stop,-707.2,97735.62,2.0,
2019-10-11,stop,-132.34,97603.28,2.0,
2019-10-14,stop,-159.43,97443.85,2.0,
2019-10-15,flat,25.48,97469.33,2.0,
2019-10-23,stop,-121.92,97347.41,2.0,
2019-10-25,flat,49.75,97397.16,2.0,
2019-10-28,flat,123.25,97520.41,2.0,
2019-11-07,stop,-183.92,97336.49,2.0,
2019-11-11,flat,135.66,97472.15,2.0,
2019-11-12,stop,-154.56,97317.59,2.0,
2019-11-13,stop,-458.38,96859.22,2.0,
2019-11-15,stop,-62.14,96797.08,2.0,
2019-11-18,flat,162.18,96959.26,2.0,
2019-11-25,flat,199.5,97158.76,2.0,
2019-11-26,stop,-113.88,97044.88,2.0,
2019-11-27,flat,216.89,97261.77,2.0,
2019-12-03,stop,-153.58,97108.19,2.0,
2019-12-06,flat,194.34,97302.53,2.0,
2019-12-10,stop,-138.04,97164.49,2.0,
2019-12-13,flat,65.66,97230.15,2.0,
2019-12-16,stop,-194.88,97035.27,2.0,
2019-12-19,flat,287.02,97322.29,2.0,
2019-12-20,stop,-101.09,97221.2,2.0,
2019-12-26,flat,383.04,97604.24,2.0,
2020-01-03,stop,-227.0,97377.24,2.0,
2020-01-06,flat,857.57,98234.81,2.0,
2020-01-07,stop,-63.77,98171.04,2.0,
2020-01-08,flat,-180.8,97990.24,2.0,
2020-01-13,flat,506.64,98496.88,2.0,
2020-01-21,stop,-378.83,98118.05,2.0,
2020-01-23,stop,-144.7,97973.34,2.0,
2020-01-27,stop,-122.84,97850.5,2.0,
2020-01-28,flat,154.7,98005.2,2.0,
2020-02-04,flat,297.73,98302.94,2.0,
2020-02-06,flat,410.88,98713.82,2.0,
2020-02-07,stop,-540.54,98173.28,2.0,
2020-02-10,flat,898.88,99072.15,2.0,
2020-02-13,stop,-273.61,98798.54,2.0,
2020-02-19,stop,-208.25,98590.29,2.0,
2020-02-28,stop,-1734.51,96855.78,2.0,
2020-03-04,stop,-172.52,96683.26,2.0,
2020-03-05,stop,-279.31,96403.95,2.0,
2020-03-19,stop,-1155.84,95248.11,2.0,
2020-03-26,stop,-1832.74,93415.37,2.0,
2020-03-30,flat,1934.54,95349.91,2.0,
2020-03-31,stop,-310.59,95039.32,2.0,
2020-04-02,stop,-1424.75,93614.57,2.0,
2020-04-06,flat,4699.59,98314.16,2.0,
2020-04-14,flat,1703.61,100017.78,2.0,
2020-04-20,stop,-1075.41,98942.36,2.0,
2020-04-22,flat,1267.65,100210.01,2.0,
2020-04-24,flat,2968.65,103178.67,2.0,
2020-04-29,flat,1065.38,104244.04,2.0,
2020-05-04,stop,-1090.88,103153.16,2.0,
2020-05-05,stop,-661.43,102491.73,2.0,
2020-05-08,stop,-653.81,101837.92,2.0,
2020-05-11,flat,832.5,102670.42,2.0,
2020-05-12,stop,-246.52,102423.9,2.0,
2020-05-15,flat,3084.92,105508.82,2.0,
2020-05-18,flat,-144.27,105364.55,2.0,
2020-05-19,stop,-358.41,105006.14,2.0,
2020-05-20,stop,-679.5,104326.64,2.0,
2020-05-22,stop,-282.63,104044.01,2.0,
2020-05-28,stop,-787.6,103256.41,2.0,
2020-06-01,stop,-84.08,103172.33,2.0,
2020-06-05,stop,-370.23,102802.1,2.0,
2020-06-09,flat,321.48,103123.58,2.0,
2020-06-15,flat,2929.18,106052.76,2.0,
2020-06-22,flat,1097.28,107150.04,2.0,
2020-06-23,stop,-530.72,106619.32,2.0,
2020-06-25,stop,-675.79,105943.54,2.0,
2020-06-29,flat,413.03,106356.57,2.0,
2020-06-30,stop,-797.96,105558.61,2.0,
2020-07-01,flat,846.08,106404.69,2.0,
2020-07-06,stop,-839.46,105565.23,2.0,
2020-07-07,stop,-592.03,104973.2,2.0,
2020-07-13,stop,-771.21,104201.99,2.0,
2020-07-20,flat,2729.45,106931.44,2.0,
2020-07-24,stop,-1751.4,105180.04,2.0,
2020-07-29,stop,-87.29,105092.75,2.0,
2020-08-03,stop,-498.56,104594.19,2.0,
2020-08-06,flat,2251.33,106845.52,2.0,
2020-08-12,flat,282.96,107128.48,2.0,
2020-08-13,stop,-312.4,106816.08,2.0,
2020-08-17,stop,-69.09,106746.99,2.0,
2020-08-19,stop,-723.31,106023.68,2.0,
2020-08-20,flat,1118.67,107142.35,2.0,
2020-08-25,flat,1084.32,108226.67,2.0,
2020-08-26,flat,1529.3,109755.97,2.0,
2020-08-31,flat,1132.4,110888.37,2.0,
2020-09-01,flat,1088.5,111976.87,2.0,
2020-09-09,flat,806.08,112782.95,2.0,
2020-09-14,stop,-716.32,112066.63,2.0,
2020-09-24,stop,-1466.5,110600.13,2.0,
2020-09-25,flat,3359.59,113959.72,2.0,
2020-09-30,stop,-1016.25,112943.47,2.0,
2020-10-05,stop,-599.4,112344.07,2.0,
2020-10-09,flat,479.89,112823.96,2.0,
2020-10-12,stop,849.75,113673.71,2.0,
2020-10-13,stop,-859.04,112814.67,2.0,
2020-10-29,flat,1928.74,114743.41,2.0,
2020-11-03,stop,-956.8,113786.61,2.0,
2020-11-04,stop,-1520.75,112265.86,2.0,
2020-11-06,flat,598.96,112864.82,2.0,
2020-11-11,flat,218.4,113083.22,2.0,
2020-11-16,stop,-710.24,112372.98,2.0,
2020-11-17,stop,-69.03,112303.95,2.0,
2020-11-19,flat,740.82,113044.76,2.0,
2020-11-24,flat,1260.59,114305.35,2.0,
2020-12-01,stop,-383.52,113921.83,2.0,
2020-12-02,flat,-103.51,113818.32,2.0,
2020-12-04,stop,-162.78,113655.54,2.0,
2020-12-07,stop,-60.68,113594.86,2.0,
2020-12-10,stop,-450.6,113144.26,2.0,
2020-12-14,stop,-388.5,112755.76,2.0,
2020-12-16,stop,-496.55,112259.21,2.0,
2020-12-23,stop,-253.75,112005.46,2.0,
2021-01-06,stop,-1144.8,110860.66,2.0,
2021-01-07,flat,775.5,111636.16,2.0,
2021-01-11,stop,-526.14,111110.02,2.0,
2021-01-13,flat,126.54,111236.56,2.0,
2021-01-20,flat,657.04,111893.6,2.0,
2021-01-21,stop,-363.58,111530.02,2.0,
2021-01-28,stop,-604.56,110925.46,2.0,
2021-02-01,flat,1142.78,112068.24,2.0,
2021-02-02,flat,-71.72,111996.52,2.0,
2021-02-11,stop,-194.68,111801.85,2.0,
2021-02-12,flat,993.83,112795.68,2.0,
2021-02-23,stop,-103.53,112692.15,2.0,
2021-03-01,flat,622.11,113314.26,2.0,
2021-03-09,flat,998.73,114312.99,2.0,
2021-03-16,stop,-339.36,113973.63,2.0,
2021-03-22,stop,-207.06,113766.57,2.0,
2021-03-26,stop,-487.09,113279.48,2.0,
2021-03-31,stop,-600.95,112678.53,2.0,
2021-04-05,flat,709.28,113387.81,2.0,
2021-04-06,stop,-827.41,112560.39,2.0,
2021-04-07,stop,-291.97,112268.42,2.0,
2021-04-09,flat,1003.5,113271.92,2.0,
2021-04-16,stop,-205.53,113066.39,2.0,
2021-04-21,flat,775.95,113842.34,2.0,
2021-04-22,stop,-115.88,113726.46,2.0,
2021-04-23,flat,194.3,113920.76,2.0,
2021-04-26,flat,507.68,114428.44,2.0,
2021-04-30,stop,-280.12,114148.31,2.0,
2021-05-07,stop,-556.78,113591.53,2.0,
2021-05-11,flat,749.28,114340.81,2.0,
2021-05-14,flat,1261.88,115602.7,2.0,
2021-05-19,flat,1689.48,117292.18,2.0,
2021-05-20,flat,185.38,117477.56,2.0,
2021-05-24,flat,-271.43,117206.13,2.0,
2021-05-27,stop,-459.15,116746.98,2.0,
2021-06-02,stop,-136.31,116610.67,2.0,
2021-06-03,stop,-285.53,116325.15,2.0,
2021-06-04,flat,263.72,116588.87,2.0,
2021-06-10,flat,545.37,117134.24,2.0,
2021-06-14,flat,1224.36,118358.6,2.0,
2021-06-17,stop,-785.47,117573.13,2.0,
2021-06-21,flat,119.46,117692.58,2.0,
2021-06-22,flat,858.94,118551.52,2.0,
2021-06-24,stop,-131.62,118419.89,2.0,
2021-06-28,stop,-113.53,118306.36,2.0,
2021-06-29,flat,701.4,119007.76,2.0,
2021-06-30,stop,-93.13,118914.63,2.0,
2021-07-02,flat,804.65,119719.28,2.0,
2021-07-08,flat,233.8,119953.08,2.0,
2021-07-09,flat,205.84,120158.92,2.0,
2021-07-13,stop,-762.12,119396.8,2.0,
2021-07-20,flat,512.82,119909.62,2.0,
2021-07-21,stop,-512.05,119397.57,2.0,
2021-07-22,stop,-479.61,118917.96,2.0,
2021-07-23,flat,491.72,119409.68,2.0,
2021-07-26,stop,-640.53,118769.15,2.0,
2021-07-28,stop,-139.53,118629.62,2.0,
2021-07-29,stop,-38.11,118591.5,2.0,
2021-07-30,stop,-121.74,118469.76,2.0,
2021-08-05,flat,249.99,118719.75,2.0,
2021-08-09,stop,-141.68,118578.07,2.0,
2021-08-19,stop,-1706.87,116871.2,2.0,
2021-08-23,flat,-131.46,116739.74,2.0,
2021-08-24,stop,-190.08,116549.67,2.0,
2021-08-30,flat,134.86,116684.53,2.0,
2021-09-01,stop,-146.4,116538.13,2.0,
2021-09-03,flat,213.85,116751.98,2.0,
2021-09-22,stop,-813.99,115937.99,2.0,
2021-09-23,stop,-403.59,115534.4,2.0,
2021-09-24,flat,1012.29,116546.69,2.0,
2021-10-05,stop,-513.5,116033.19,2.0,
2021-10-07,stop,-640.34,115392.85,2.0,
2021-10-11,stop,-347.16,115045.69,2.0,
2021-10-14,flat,106.76,115152.45,2.0,
2021-10-18,flat,1207.84,116360.29,2.0,
2021-10-19,flat,145.7,116505.99,2.0,
2021-10-21,stop,-318.79,116187.21,2.0,
2021-10-25,flat,751.51,116938.71,2.0,
2021-10-27,stop,-336.6,116602.11,2.0,
2021-10-28,stop,-522.88,116079.23,2.0,
2021-10-29,flat,1485.28,117564.51,2.0,
2021-11-02,stop,-102.85,117461.66,2.0,
2021-11-04,flat,70.92,117532.58,2.0,
2021-11-05,stop,-187.52,117345.06,2.0,
2021-11-10,stop,-173.79,117171.26,2.0,
2021-11-12,flat,-171.97,116999.29,2.0,
2021-11-16,flat,265.05,117264.34,2.0,
2021-11-17,stop,-978.62,116285.72,2.0,
2021-11-19,stop,-390.32,115895.4,2.0,
2021-11-24,flat,646.02,116541.42,2.0,
2021-11-29,flat,817.6,117359.02,2.0,
2021-12-06,flat,1698.58,119057.6,2.0,
2021-12-07,stop,-479.2,118578.4,2.0,
2021-12-08,stop,-404.6,118173.8,2.0,
2021-12-22,stop,-1219.97,116953.83,2.0,
2021-12-23,flat,-11.76,116942.07,2.0,
2021-12-27,flat,639.1,117581.17,2.0,
2021-12-30,stop,-603.4,116977.77,2.0,
2022-01-11,flat,24.24,117002.01,2.0,
2022-01-14,stop,-296.64,116705.37,2.0,
2022-01-20,stop,-400.7,116304.67,2.0,
2022-01-31,flat,2177.08,118481.75,2.0,
2022-02-04,flat,2194.43,120676.18,2.0,
2022-02-10,stop,-1290.9,119385.28,2.0,
2022-02-14,stop,-683.0,118702.28,2.0,
2022-02-15,stop,-987.97,117714.31,2.0,
2022-02-16,stop,-360.18,117354.13,2.0,
2022-02-24,flat,6936.7,124290.83,2.0,
2022-02-28,stop,-1942.08,122348.75,2.0,
2022-03-09,flat,703.68,123052.43,2.0,
2022-03-15,stop,-735.26,122317.17,2.0,
2022-03-16,stop,-794.97,121522.2,2.0,
2022-03-17,stop,-282.43,121239.77,2.0,
2022-03-18,flat,2854.82,124094.59,2.0,
2022-03-22,flat,334.08,124428.67,2.0,
2022-03-23,stop,-1596.13,122832.54,2.0,
2022-04-04,flat,593.63,123426.17,2.0,
2022-04-08,stop,-722.03,122704.14,2.0,
2022-04-13,flat,1427.56,124131.7,2.0,
2022-04-19,flat,517.68,124649.38,2.0,
2022-05-02,stop,-546.48,124102.9,2.0,
2022-05-03,stop,-990.6,123112.31,2.0,
2022-05-13,stop,-1290.86,121821.45,2.0,
2022-05-19,stop,-2015.17,119806.27,2.0,
2022-05-25,stop,-732.78,119073.49,2.0,
2022-05-26,flat,1110.61,120184.1,2.0,
2022-05-27,flat,1286.47,121470.57,2.0,
2022-06-02,flat,3908.32,125378.89,2.0,
2022-06-07,stop,-897.44,124481.45,2.0,
2022-06-08,stop,-224.36,124257.09,2.0,
2022-06-15,stop,-336.3,123920.79,2.0,
2022-06-24,flat,2003.64,125924.43,2.0,
2022-06-27,stop,-434.68,125489.76,2.0,
2022-06-29,stop,-644.68,124845.08,2.0,
2022-07-05,flat,4803.11,129648.18,2.0,
2022-07-07,flat,1296.45,130944.64,2.0,
2022-07-08,stop,-1767.91,129176.72,2.0,
2022-07-13,flat,551.44,129728.16,2.0,
2022-07-15,stop,-169.67,129558.49,2.0,
2022-07-18,stop,-739.38,128819.12,2.0,
2022-07-19,flat,2009.7,130828.82,2.0,
2022-07-20,stop,-2027.65,128801.16,2.0,
2022-07-27,stop,-697.82,128103.34,2.0,
2022-07-29,stop,-261.76,127841.58,2.0,
2022-08-01,stop,-1279.89,126561.7,2.0,
2022-08-03,flat,1219.85,127781.55,2.0,
2022-08-12,flat,2215.2,129996.75,2.0,
2022-08-15,flat,594.32,130591.07,2.0,
2022-08-24,stop,-1295.25,129295.82,2.0,
2022-08-25,stop,-203.25,129092.57,2.0,
2022-09-08,stop,-1032.0,128060.57,2.0,
2022-09-09,stop,-585.9,127474.67,2.0,
2022-09-16,stop,-177.4,127297.27,2.0,
2022-09-20,stop,-1645.09,125652.18,2.0,
2022-09-28,flat,2076.9,127729.08,2.0,
2022-10-03,flat,2363.38,130092.46,2.0,
2022-10-04,stop,-663.84,129428.62,2.0,
2022-10-12,stop,-938.0,128490.62,2.0,
2022-10-13,flat,1933.62,130424.24,2.0,
2022-10-17,stop,-986.34,129437.9,2.0,
2022-10-20,stop,-409.24,129028.66,2.0,
2022-10-21,flat,2911.08,131939.74,2.0,
2022-10-25,stop,-1070.65,130869.09,2.0,
2022-10-26,stop,-2402.4,128466.69,2.0,
2022-10-28,flat,2808.96,131275.65,2.0,
2022-11-08,stop,-1837.38,129438.27,2.0,
2022-11-10,flat,3007.19,132445.45,2.0,
2022-11-11,flat,3109.54,135554.99,2.0,
2022-11-14,stop,-113.28,135441.71,2.0,
2022-11-17,stop,-1196.81,134244.9,2.0,
2022-11-22,flat,2519.02,136763.92,2.0,
2022-12-02,stop,-714.4,136049.52,2.0,
2022-12-08,stop,-593.14,135456.38,2.0,
2022-12-09,stop,-1224.21,134232.17,2.0,
2022-12-14,stop,-287.36,133944.81,2.0,
2022-12-20,stop,-734.08,133210.73,2.0,
2022-12-21,stop,-117.1,133093.63,2.0,
2022-12-29,flat,-417.03,132676.6,2.0,
2023-01-06,flat,1928.36,134604.96,2.0,
2023-01-09,stop,-1360.81,133244.15,2.0,
2023-01-11,flat,2066.68,135310.83,2.0,
2023-01-12,flat,958.41,136269.24,2.0,
2023-01-13,flat,2940.0,139209.24,2.0,
2023-01-20,flat,3559.29,142768.53,2.0,
2023-01-23,stop,-1431.15,141337.38,2.0,
2023-01-27,flat,721.78,142059.16,2.0,
2023-01-31,flat,1698.18,143757.34,2.0,
2023-02-03,stop,-899.19,142858.15,2.0,
2023-02-13,stop,-1012.95,141845.2,2.0,
2023-02-16,stop,-673.88,141171.32,2.0,
2023-02-28,stop,382.26,141553.58,2.0,
2023-03-02,stop,-370.88,141182.7,2.0,
2023-03-03,flat,1924.44,143107.14,2.0,
2023-03-06,stop,-792.12,142315.02,2.0,
2023-03-10,stop,-525.96,141789.06,2.0,
2023-03-13,stop,-2679.92,139109.14,2.0,
2023-03-14,stop,-1178.19,137930.95,2.0,
2023-03-16,flat,1462.86,139393.81,2.0,
2023-03-20,stop,-412.2,138981.61,2.0,
2023-03-22,stop,-642.24,138339.37,2.0,
2023-03-23,stop,-785.87,137553.5,2.0,
2023-03-31,flat,1870.54,139424.04,2.0,
2023-04-06,flat,706.79,140130.83,2.0,
2023-04-10,stop,-660.53,139470.3,2.0,
2023-04-13,flat,1360.9,140831.2,2.0,
2023-04-19,flat,35.32,140866.52,2.0,
2023-04-20,stop,-106.32,140760.2,2.0,
2023-04-27,flat,1991.25,142751.45,2.0,
2023-04-28,flat,1137.92,143889.37,2.0,
2023-05-05,flat,1244.05,145133.42,2.0,
2023-05-16,stop,-618.1,144515.32,2.0,
2023-05-17,flat,2019.4,146534.72,2.0,
2023-05-18,stop,-969.03,145565.69,2.0,
2023-05-23,stop,-260.06,145305.62,2.0,
2023-05-25,flat,505.04,145810.66,2.0,
2023-05-26,flat,1224.94,147035.6,2.0,
2023-06-01,flat,489.65,147525.25,2.0,
2023-06-05,stop,-863.17,146662.08,2.0,
2023-06-06,stop,-1046.48,145615.6,2.0,
2023-06-08,stop,-1179.83,144435.77,2.0,
2023-06-14,stop,-415.27,144020.49,2.0,
2023-06-15,flat,1331.6,145352.1,2.0,
2023-06-22,stop,-876.7,144475.4,2.0,
2023-06-23,stop,-374.12,144101.28,2.0,
2023-06-28,stop,-874.68,143226.6,2.0,
2023-07-13,flat,1544.56,144771.16,2.0,
2023-07-14,stop,-204.66,144566.5,2.0,
2023-07-17,flat,779.71,145346.21,2.0,
2023-07-18,flat,1873.58,147219.79,2.0,
2023-07-24,stop,-163.36,147056.43,2.0,
2023-07-25,flat,279.44,147335.87,2.0,
2023-07-28,stop,-1104.48,146231.39,2.0,
2023-08-03,stop,-78.75,146152.64,2.0,
2023-08-14,flat,913.33,147065.97,2.0,
2023-08-23,flat,-79.52,146986.45,2.0,
2023-08-29,flat,668.18,147654.63,2.0,
2023-08-31,stop,-46.66,147607.97,2.0,
2023-09-18,stop,-722.14,146885.83,2.0,
2023-09-22,stop,-178.43,146707.4,2.0,
2023-09-25,stop,-753.71,145953.69,2.0,
2023-09-28,flat,-970.34,144983.35,2.0,
2023-10-06,flat,1109.22,146092.57,2.0,
2023-10-09,flat,2681.34,148773.91,2.0,
2023-10-10,stop,-1263.15,147510.76,2.0,
2023-10-12,stop,-754.45,146756.31,2.0,
2023-10-16,stop,-198.75,146557.56,2.0,
2023-10-17,stop,-1488.35,145069.21,2.0,
2023-10-23,stop,-966.28,144102.93,2.0,
2023-10-24,stop,-273.02,143829.91,2.0,
2023-10-31,stop,-650.96,143178.95,2.0,
2023-11-01,stop,-372.22,142806.73,2.0,
2023-11-03,flat,637.96,143444.69,2.0,
2023-11-07,stop,-631.4,142813.29,2.0,
2023-11-10,flat,2625.09,145438.38,2.0,
2023-11-13,flat,-532.69,144905.69,2.0,
2023-11-20,flat,1250.86,146156.55,2.0,
2023-11-27,stop,-254.66,145901.89,2.0,
2023-11-28,stop,-993.51,144908.38,2.0,
2023-12-07,flat,326.41,145234.78,2.0,
2023-12-11,flat,1356.15,146590.94,2.0,
2023-12-12,flat,1500.17,148091.11,2.0,
2023-12-15,stop,-291.82,147799.29,2.0,
2023-12-18,flat,570.69,148369.98,2.0,
2023-12-20,stop,-390.96,147979.02,2.0,
2023-12-26,stop,-86.52,147892.5,2.0,
2024-01-04,stop,-274.54,147617.96,2.0,
2024-01-08,flat,2187.32,149805.28,2.0,
2024-01-09,flat,81.18,149886.46,2.0,
2024-01-16,stop,-187.39,149699.07,2.0,
2024-01-19,flat,3058.68,152757.75,2.0,
2024-01-23,stop,-228.78,152528.97,2.0,
2024-01-24,stop,-688.96,151840.01,2.0,
2024-02-02,flat,541.62,152381.63,2.0,
2024-02-07,stop,-549.9,151831.73,2.0,
2024-02-08,stop,-468.23,151363.5,2.0,
2024-02-09,flat,811.98,152175.48,2.0,
2024-02-12,stop,-578.65,151596.82,2.0,
2024-02-13,stop,-479.4,151117.42,2.0,
2024-02-21,stop,-341.28,150776.14,2.0,
2024-02-22,flat,1930.68,152706.82,2.0,
2024-02-26,stop,-292.74,152414.08,2.0,
2024-02-27,stop,-101.06,152313.02,2.0,
2024-02-28,stop,-526.99,151786.03,2.0,
2024-03-01,flat,1753.6,153539.63,2.0,
2024-03-07,flat,148.14,153687.76,2.0,
2024-03-12,stop,-1181.5,152506.26,2.0,
2024-03-19,flat,2104.34,154610.6,2.0,
2024-03-20,stop,-52.8,154557.8,2.0,
2024-03-22,stop,-180.18,154377.62,2.0,
2024-03-25,stop,-287.6,154090.03,2.0,
2024-03-28,stop,-138.4,153951.63,2.0,
2024-04-03,stop,-361.4,153590.23,2.0,
2024-04-05,stop,-1658.66,151931.57,2.0,
2024-04-18,stop,-1045.24,150886.33,2.0,
2024-04-23,flat,508.37,151394.69,2.0,
2024-04-25,flat,2520.09,153914.79,2.0,
2024-04-26,flat,224.91,154139.7,2.0,
2024-04-29,stop,-27.09,154112.6,2.0,
2024-05-06,stop,-267.14,153845.46,2.0,
2024-05-08,stop,-286.94,153558.52,2.0,
2024-05-09,flat,358.96,153917.48,2.0,
2024-05-13,stop,-72.87,153844.61,2.0,
2024-05-14,stop,-117.81,153726.8,2.0,
2024-05-15,flat,1905.57,155632.37,2.0,
2024-05-16,stop,-298.73,155333.64,2.0,
2024-05-17,stop,-129.91,155203.73,2.0,
2024-05-20,stop,-437.12,154766.61,2.0,
2024-05-21,flat,1031.71,155798.32,2.0,
2024-05-24,stop,-753.69,155044.63,2.0,
2024-05-28,stop,-364.43,154680.2,2.0,
2024-05-29,stop,-236.6,154443.6,2.0,
2024-06-07,stop,-142.97,154300.62,2.0,
2024-06-10,stop,-563.8,153736.82,2.0,
2024-06-11,flat,2403.13,156139.95,2.0,
2024-06-12,stop,-201.02,155938.93,2.0,
2024-06-14,stop,-124.07,155814.86,2.0,
2024-06-17,flat,2655.29,158470.15,2.0,
2024-06-21,stop,-1040.1,157430.05,2.0,
2024-06-25,stop,-998.71,156431.34,2.0,
2024-07-02,stop,-122.93,156308.41,2.0,
2024-07-05,flat,554.4,156862.81,2.0,
2024-07-12,stop,-470.84,156391.97,2.0,
2024-07-15,stop,-211.93,156180.05,2.0,
2024-07-31,stop,-1155.36,155024.69,2.0,
2024-08-05,stop,-1985.94,153038.75,2.0,
2024-08-06,stop,-1192.66,151846.09,2.0,
2024-08-08,flat,1300.71,153146.8,2.0,
2024-08-12,stop,-1146.83,151999.97,2.0,
2024-08-13,flat,1850.8,153850.77,2.0,
2024-08-15,flat,513.5,154364.27,2.0,
2024-08-16,flat,442.0,154806.27,2.0,
2024-08-27,flat,565.5,155371.77,2.0,
2024-08-29,stop,-631.47,154740.3,2.0,
2024-09-13,stop,-897.06,153843.24,2.0,
2024-09-19,stop,-57.15,153786.09,2.0,
2024-09-23,stop,-540.6,153245.49,2.0,
2024-10-02,stop,-1230.59,152014.9,2.0,
2024-10-03,stop,-553.52,151461.38,2.0,
2024-10-07,stop,-196.18,151265.19,2.0,
2024-10-08,stop,-844.93,150420.26,2.0,
2024-10-09,flat,436.15,150856.41,2.0,
2024-10-10,stop,-1015.65,149840.76,2.0,
2024-10-11,stop,-673.77,149166.99,2.0,
2024-10-22,stop,-128.14,149038.85,2.0,
2024-10-29,flat,644.7,149683.55,2.0,
2024-10-30,stop,-413.31,149270.24,2.0,
2024-11-01,stop,-476.23,148794.01,2.0,
2024-11-05,stop,-709.7,148084.31,2.0,
2024-11-06,flat,1575.84,149660.15,2.0,
2024-11-07,flat,268.18,149928.33,2.0,
2024-11-18,stop,-627.9,149300.43,2.0,
2024-11-19,flat,1561.52,150861.95,2.0,
2024-12-02,stop,-789.75,150072.2,2.0,
2024-12-03,stop,-243.86,149828.35,2.0,
2024-12-04,stop,-387.05,149441.3,2.0,
2024-12-06,stop,-56.8,149384.5,2.0,
2024-12-11,flat,423.0,149807.5,2.0,
2024-12-16,flat,708.6,150516.1,2.0,
2024-12-18,stop,-190.68,150325.42,2.0,
2024-12-20,stop,-2416.54,147908.88,2.0,
2024-12-26,stop,-718.59,147190.29,2.0,
2025-07-02,flat,387.88,147578.17,2.0,
2025-07-11,stop,-318.6,147259.57,2.0,
2025-07-14,flat,328.6,147588.17,2.0,
2025-07-17,flat,78.75,147666.92,2.0,
2025-07-25,stop,-143.27,147523.64,2.0,
2025-07-30,stop,-417.04,147106.6,2.0,
2025-08-04,flat,584.64,147691.24,2.0,
2025-08-06,flat,763.69,148454.93,2.0,
2025-08-08,flat,361.9,148816.83,2.0,
2025-08-11,stop,-278.64,148538.19,2.0,
2025-08-14,stop,-139.01,148399.18,2.0,
2025-08-22,stop,-699.3,147699.88,2.0,
2025-08-25,stop,-721.05,146978.83,2.0,
2025-08-26,stop,-195.32,146783.51,2.0,
2025-08-27,stop,-654.08,146129.43,2.0,
2025-08-28,flat,1137.92,147267.35,2.0,
2025-09-08,stop,-223.08,147044.27,2.0,
2025-09-11,flat,83.4,147127.66,2.0,
2025-09-12,stop,65.26,147192.92,2.0,
2025-09-15,stop,-373.55,146819.37,2.0,
2025-09-18,stop,-100.86,146718.51,2.0,
2025-09-22,flat,1112.64,147831.15,2.0,
2025-09-25,stop,-1292.2,146538.95,2.0,
2025-09-30,stop,-259.17,146279.78,2.0,
2025-10-01,flat,1093.84,147373.62,2.0,
2025-10-08,flat,1044.15,148417.77,2.0,
2025-10-13,flat,458.49,148876.26,2.0,
2025-10-14,stop,-773.76,148102.5,2.0,
2025-10-17,flat,1382.52,149485.02,2.0,
2025-10-20,flat,-58.56,149426.46,2.0,
2025-10-23,flat,735.0,150161.46,2.0,
2025-10-24,stop,-197.41,149964.05,2.0,
2025-10-27,flat,869.96,150834.01,2.0,
2025-11-05,flat,-309.12,150524.89,2.0,
2025-11-14,flat,-1675.31,148849.58,2.0,
2025-11-24,flat,1084.6,149934.18,2.0,
2025-11-25,flat,2259.68,152193.86,2.0,
2025-12-01,stop,-863.66,151330.2,2.0,
2025-12-03,flat,978.82,152309.02,2.0,
2025-12-09,flat,-119.32,152189.71,2.0,
2025-12-18,stop,-834.96,151354.75,2.0,
2025-12-19,flat,586.79,151941.54,2.0,
2026-01-05,stop,-387.1,151554.44,2.0,
2026-01-07,stop,-879.06,150675.38,2.0,
2026-01-12,flat,86.4,150761.78,2.0,
2026-01-20,stop,-749.7,150012.08,2.0,
2026-01-23,stop,-500.24,149511.84,2.0,
2026-01-26,stop,-436.4,149075.44,2.0,
2026-01-27,stop,-351.64,148723.8,2.0,
2026-02-02,stop,-765.51,147958.29,2.0,
2026-02-06,flat,2352.16,150310.45,2.0,
2026-02-09,flat,-380.64,149929.81,2.0,
2026-02-13,stop,-664.59,149265.22,2.0,
2026-02-18,stop,-810.95,148454.27,2.0,
2026-02-20,stop,-1303.46,147150.82,2.0,
2026-02-24,flat,183.92,147334.74,2.0,
2026-02-25,flat,716.1,148050.84,2.0,
2026-02-27,stop,-725.63,147325.21,2.0,
2026-03-02,flat,295.24,147620.45,2.0,
2026-03-04,flat,-111.04,147509.41,2.0,
2026-03-06,stop,-1161.5,146347.92,2.0,
2026-03-09,flat,4382.24,150730.16,2.0,
2026-03-19,stop,-349.45,150380.7,2.0,
2026-03-24,stop,-528.39,149852.31,2.0,
2026-04-01,stop,-1093.95,148758.36,2.0,
2026-04-02,flat,1007.25,149765.61,2.0,
2026-04-13,flat,2870.43,152636.04,2.0,
2026-04-14,flat,1307.55,153943.59,2.0,
2026-04-15,stop,-801.9,153141.69,2.0,
2026-04-16,stop,-1440.92,151700.77,2.0,
2026-04-17,stop,-49.14,151651.63,2.0,
2026-04-22,flat,1173.92,152825.55,2.0,
2026-04-23,stop,-461.39,152364.16,2.0,
2026-04-24,flat,562.28,152926.44,2.0,
2026-05-01,stop,-716.42,152210.02,2.0,
2026-05-05,stop,-147.14,152062.88,2.0,
2026-05-06,flat,1606.74,153669.62,2.0,
2026-05-08,flat,1401.82,155071.44,2.0,
2026-05-13,flat,1648.08,156719.52,2.0,
2026-05-14,stop,-1113.25,155606.27,2.0,
2026-05-15,stop,-302.22,155304.05,2.0,
2026-05-28,flat,390.35,155694.4,2.0,
2026-06-02,stop,-863.19,154831.21,2.0,
2026-06-15,flat,-599.04,154232.17,2.0,
2026-06-18,flat,1000.8,155232.97,2.0,
2026-06-25,stop,-234.4,154998.57,2.0,
2026-06-26,stop,-1200.01,153798.56,2.0,
