minute,event_med_pct,rest_med_pct
0,0.0,0.0
1,0.00859963537547248,0.005061879034196082
2,0.028388691281322487,0.0038991984247171985
3,0.04515819480117589,-0.00020678067077506412
4,0.07948471974783544,-0.01863355063674299
5,0.043603242789314045,-0.02500207841065194
6,0.0015901312918398247,-0.012755310754475335
7,0.03960396039603964,-0.01817181833568826
8,0.06855155578591177,-0.007768736369834217
9,-0.0066471206888851775,-0.017833663330341087
10,-0.026405257294748186,-0.023550053182153086
11,0.005015967496535545,-0.022839527114859592
12,0.015664868705789203,-0.01483823103011761
13,-0.02177344728104824,-0.005944359538428978
14,-0.009979010758498497,-0.010260096449599132
15,-0.00976816879396658,0.0004921151973147353
16,-0.006457950848726135,-0.0023314734771462398
17,-0.04953858347959139,0.00646804104034171
18,-0.00968960950874509,0.0016727145851436198
19,-0.028304406141399507,0.008360236129378862
20,0.04909462478017712,0.0167169403810008
21,0.054872877833034295,0.019353409886879724
22,0.06665446084270776,0.014305330627495394
23,0.07648946607028417,0.0190213658724514
24,0.1382442146890872,0.014941613335728299
25,0.09123055162658655,0.010643940315280265
26,0.08663953051182283,-0.004143868576123033
27,0.1320871440753102,0.004362802330803994
28,0.14965330318095216,0.0029340727644211473
29,0.11940491173718648,0.004646020556109409
30,0.08304448295783917,0.005275617792477316
31,0.1215517384725473,0.03304942504501751
32,0.06318601964183657,0.008618975068575008
33,0.06484976471174964,0.00340661568289935
34,0.05853106968856103,0.006577909975313823
35,0.0812391681109359,0.0147172462296008
36,0.10789073610906197,0.03685020367181213
37,0.11915077989603784,0.02808375859092438
38,0.050368284228774485,0.025598214520916596
39,0.03971692663200521,0.02769458246670853
40,-0.008067899441699389,0.012949331774847472
41,0.08028958684882515,0.0033826407466464037
42,0.0557944586576653,0.030054311649863052
43,0.08314309066825842,0.01087667061140385
44,0.1388844029585723,0.029758919171918308
45,0.12560164648196537,0.0033184669925856447
46,0.12009150766254528,0.006282222321529751
47,0.1058395190652206,-0.0020975963891167737
48,0.09083416037274361,0.0016547738604044682
49,0.16317226563460352,0.015078553126179894
50,0.1547544954498825,0.02286381640488333
51,0.16310842673039616,0.006411401391526184
52,0.20521791787919685,0.00879826779992543
53,0.21414676409525768,0.025439115532688295
54,0.22385904101676068,0.019181926115574566
55,0.23815563259208528,0.0135701706030944
56,0.22263564000122305,0.009542052329802875
57,0.20978152128312555,0.007357071678704141
58,0.2125175266692425,0.033854632785357275
59,0.20815180559587976,0.03294628585814863
60,0.20486712882727964,0.031613984176970256
61,0.2146061251492526,-0.016071656375904464
62,0.20400057770075808,0.014815870445750168
63,0.2178332849259501,0.048157173898633054
64,0.2452641430277236,0.04934217319396694
65,0.24661086215156391,0.05705241073367118
66,0.22265437839972257,0.051719859473686736
67,0.22751476425597605,0.04141060842069999
68,0.217994642914765,0.017366515496464174
69,0.2231778346306612,0.03397448600835906
70,0.20815180559587976,0.04020347314303008
71,0.21815576973169826,0.022860453376893908
72,0.2065382257075532,0.011372808081444585
73,0.1807111226882041,0.006904024680653986
74,0.1895580589254875,0.02326524315391376
75,0.20004354689455717,0.050770881032224935
76,0.18396717895285963,0.027279553940484647
77,0.14844934972730872,0.033987608162089344
78,0.15890381282497312,0.04198475049522754
79,0.1696995956094849,0.028842616385504893
80,0.17150491045638816,0.03823788352735891
81,0.14221960668923117,0.026740372344069563
82,0.1281985539203223,0.03173146968470375
83,0.17981789351511068,0.02226502384186091
84,0.17051379611623396,0.04452072404823593
85,0.1602013960407378,0.028596182644657908
86,0.16103599825545434,0.037994509880290295
87,0.189090535521097,0.03699447774430098
88,0.14514810743777584,0.04607489309222945
89,0.11373483535528361,0.03388110712130299
90,0.11896825803805466,0.045160978152802844
91,0.15554757875666514,0.07529941636356119
92,0.14187306633848262,0.06367760272358858
93,0.16067552091345583,0.0626189692328305
94,0.11196007042373335,0.04350327421217548
95,0.10768678529307074,0.04533088420707321
96,0.12648923986804395,0.03826089946665778
97,0.16409414901801256,0.013480698144352488
98,0.12136129771123105,0.03553544276311271
99,0.1987216324067287,0.03326007916116813
100,0.18106462144973356,0.04395126821574724
101,0.140935051092983,0.03547821234518578
102,0.1811872895407074,0.04193088901360831
103,0.14937572221751516,0.0447198225805967
104,0.19484470881834248,0.035896061532258994
105,0.15536564459326385,0.061342232076899705
106,0.17303870737837013,0.041060580972229754
107,0.2042630292463654,0.0432895537797795
108,0.1902426650883582,0.01463491979071252
109,0.18883346016178582,0.033477918567792475
110,0.21419009370817754,0.035963790150017605
111,0.21062025881302127,0.03497807472563341
112,0.1954484605086959,0.04907635861491899
113,0.22846943328871383,0.03775488779326208
114,0.20999874000755536,0.05362730203858357
115,0.14704864715244792,0.02132339041496234
116,0.12136264852813383,0.012282333905222487
117,0.1469532254563033,0.011450269185153683
118,0.18759887440675804,0.0039012109568137276
119,0.20719875680745847,0.014712189792143171
120,0.19455600178492904,0.011862962402486854
121,0.2070504239178872,0.014036585229082466
122,0.1981949643607983,0.017504282869806875
123,0.18116912092815962,0.009081290645995832
124,0.16261850390977273,0.017966099504240773
125,0.1383987267317366,0.005463506923442107
126,0.15744585149817247,-0.00134470478156401
127,0.15429737311911662,-0.005239238971821436
128,0.17081297512215876,0.003562097552245458
129,0.1742541841889711,0.0027119631309302505
130,0.18063277920463694,-0.005398963819902569
131,0.1923009011496335,-0.007782916282295105
132,0.20321187660521378,0.006383335580451011
133,0.22155739324321022,-0.001797475380932445
134,0.17342514664626663,-0.0021071973432540414
135,0.18532687239649626,0.014134225494166763
136,0.21802069187586426,0.01385112850776915
137,0.21483246678222212,0.0147074314637341
138,0.22804178313962087,0.013243979171151388
139,0.2482359942191703,0.02447033424926026
140,0.2686389526481481,0.02436916821795254
141,0.23489876782638586,0.034038594865515304
142,0.2482359942191703,0.0341894932878839
143,0.2354841452010481,0.02480631511071474
144,0.21414676409525768,0.03779982944148719
145,0.2667155880443639,0.024061344903780757
146,0.2610708136942197,0.037005910801168884
147,0.2212460837828223,0.03484481296128772
148,0.2624820072817613,0.03475609892089615
149,0.218735006068127,0.02188882012041926
150,0.25746911206592227,0.021205708121663225
151,0.20490323512420971,0.03737914298354017
152,0.22199627737644612,0.027938999021259736
153,0.17554712186313992,0.030077821301177643
154,0.20039076198585803,0.016359222668416162
155,0.22876915634197914,0.015333892419144846
156,0.20206068500241425,0.012242375349080792
157,0.20898466888468192,0.013852784353451941
158,0.13207831073511755,0.009591792261676169
159,0.14871032254755168,0.004688219834925178
160,0.13359384132389795,-0.007944209074467468
161,0.11554015020218689,-0.0017812309197229315
162,0.10651357596764832,0.005142988460515863
163,0.09195325430926271,0.01616634591565802
164,0.1353986135181895,0.016449064040224837
165,0.16249638937031463,0.005859892711446157
166,0.21122183708839337,0.0026739797459651715
167,0.19721818559268467,0.008122017280987048
168,0.21087734784952517,0.015424172028122296
169,0.177011839754182,0.020226312677273928
170,0.13359329867128622,0.015887661105595807
171,0.1975812141909561,-0.0007727679486091432
172,0.21414676409525768,0.019611921002882227
173,0.20490323512420971,0.03564846275054823
174,0.21139483103631562,0.03163346596730676
175,0.2341760251611147,0.02466017559895617
176,0.20715312420731546,-0.0014755275059508133
177,0.2072501444251973,0.008878233041453854
178,0.18791522241481395,0.015762827962539916
179,0.21304520508378388,0.014969124172614645
180,0.22733876895202343,0.014387714166963494
181,0.2067085499711352,0.010452909805003241
182,0.19136337377239077,0.019069992076092834
183,0.20682700032477186,0.020069337513028973
184,0.2046230701927776,0.022005255593837703
185,0.19316868861929404,0.03253149317762327
186,0.16365179087234338,0.001578688803521855
187,0.18416076317349095,0.012151435069085448
188,0.16611769402976595,-0.006158428987962372
189,0.17896507963668373,-0.012563627207323735
190,0.20675592819152655,-0.00903095990413827
191,0.20236428430198128,0.009545591964221778
192,0.19249689866107644,0.01362776872071425
193,0.21278804235000948,0.007083026251697433
194,0.2456750397896501,0.015208855151482847
195,0.24738772403294362,-0.000878750065907985
196,0.21103363705066158,0.00685200558004917
197,0.24525530792374184,0.01199010813024426
198,0.2105773481057005,0.005824241346918946
199,0.23527398725244897,0.0025005573798531078
200,0.22601987708716909,0.020171572861527043
201,0.25789859361349254,0.012787057110941191
202,0.22311468094600162,0.020736605226390203
203,0.20038994800692933,0.030494795424884646
204,0.22295638359330905,0.017717942524386743
205,0.24552281917966656,0.02091132500193771
206,0.24191218948586002,0.029195475809240534
207,0.2453422876949718,0.026795914904786944
208,0.2707972270364012,0.016814303277667975
209,0.2581600231080339,0.01973219732904763
210,0.27084413087457015,0.005358235031460712
211,0.29244240414860734,0.0043635490159066315
212,0.2941426506843481,0.0049141864169044425
213,0.2834344309647685,0.0074004637623859
214,0.28253177354131687,0.00884349394336681
215,0.28054706678022345,0.012818753302912267
216,0.29877960716351293,0.023332975724099647
217,0.28747780502240694,0.010975185976702662
218,0.3057974690679366,-0.004102018775098415
219,0.30148757943386784,0.020567027142814887
220,0.3105756358768419,0.017829010812175916
221,0.2858910270342685,0.014959916699075482
222,0.32062521917739506,0.024256408053957568
223,0.23382418563140384,0.021739036281998025
224,0.2775316402788608,0.01282380315899001
225,0.2820169567157693,0.009544231560232319
226,0.2902962148755517,0.0005173116186585336
227,0.29426632004621034,-0.003785999974637022
228,0.3052208835341519,0.0015750360634780858
229,0.2850867269328594,-0.004756628340663038
230,0.2992489890236927,-0.013318319132826772
231,0.23378389866530735,-0.00770495298947349
232,0.28674430427417796,-0.012763166358498168
233,0.2834344309647685,-0.04000111492446501
234,0.258565489471807,-0.008807890899814597
235,0.27689919121896,-0.005947078400203587
236,0.2789211438475103,-0.012642079401531392
237,0.28162911611786523,0.017154322319146154
238,0.2997003177354296,0.02909096844910808
239,0.3230468417920518,0.037553659508504644
240,0.3149231190765489,0.05596580962263786
241,0.34442799575196137,0.049926653814358346
242,0.2850867269328594,0.04702356407323416
243,0.2847912947377518,0.03215289822102729
244,0.28224092493411845,0.023454356618513028
245,0.258437473433637,0.019478986788157293
246,0.30094363682733327,0.020116726160801512
247,0.2618379665051629,0.004262614088429428
248,0.2473216326440264,0.019474581013911862
249,0.27946155905789194,0.028333327479790338
250,0.29391729807459743,0.014063743304304488
251,0.29875532593015564,0.020523518961679255
252,0.28349045526219196,0.02480668770213912
253,0.25665112221959774,0.029980790659245304
254,0.2851679135773555,0.022660645979999394
255,0.3196163896599158,0.009903182108028652
256,0.324868583124438,0.020351504529170228
257,0.3292535490043935,0.04109463862103091
258,0.27947762099012063,0.02578034886792091
259,0.30997923031541585,0.03553651522754109
260,0.2923111048505289,0.032180229167255714
261,0.2784564175676074,0.04642539618996411
262,0.3414443565375791,0.03881341395529647
263,0.32984131514837145,0.0490125441193312
264,0.29005945895679286,0.03498598424981347
265,0.27431247421432214,0.010964220125964097
266,0.25545205083767897,0.010319430605520985
267,0.2575984544092691,-0.0019117270586010982
268,0.2823139111669315,-0.004204817378411496
269,0.2657261571166192,-0.0004063224136929833
270,0.30859474623821104,0.03634495885909139
271,0.30281390801667474,0.04133356281383893
272,0.28224092493411845,0.008878663712807988
273,0.269824399713392,0.02536229330011297
274,0.267415109877267,0.03102370897812845
275,0.2855982864102824,0.027652189578142305
276,0.26599840400958197,0.01957937177970992
277,0.2762131715771332,0.024908563072822965
278,0.28345248411323354,0.0316112000214086
279,0.2682182064893013,0.037727816309285345
280,0.2473376945762551,0.035357522895484994
281,0.30893575806154594,0.029567990181322834
282,0.32321100578311945,0.028950384906334392
283,0.29409729430489584,0.047727310251333144
284,0.30355445741909737,0.05159709410879065
285,0.31989585110048235,0.050479667422376195
286,0.3215534284418009,0.040661808712905145
287,0.35303082215336623,0.04157292184259198
288,0.34641708856153475,0.033785493563376345
289,0.3290125264777233,0.03686932398370146
290,0.33315646983100855,0.04134345586024324
291,0.3082928097112747,0.04204811853809609
292,0.30000492300470416,0.04332601885201903
293,0.323507023735381,0.04563886246281568
294,0.3183170714829542,0.055437227228061214
295,0.2917170362981114,0.0420774691955339
296,0.28973131233034355,0.0305768970852216
297,0.3026929763030317,0.03768700015803761
298,0.2973558205495719,0.033347453337884136
299,0.309555033700315,0.026624415850917682
300,0.26768216484904794,0.03851537244807801
301,0.2689919121894979,0.03625419706880795
302,0.27260254188330446,0.0452287955026498
303,0.2516087712342463,0.04257191004622962
304,0.274794960683189,0.04457558621625557
305,0.2987514444350525,0.052311718128572604
306,0.3032928942807711,0.0441633844015521
307,0.2669387061123851,0.03807198103807918
308,0.27711582900058485,0.04079875399485289
309,0.31114511604182216,0.024355179899970825
310,0.2960716348931136,0.028914691051362684
311,0.29430601726190275,0.030155818434585147
312,0.2836317057549831,0.038708825194022634
313,0.28058190246729175,0.03425653307365106
314,0.29426632004621034,0.028105108120479727
315,0.2871773579683268,0.024746741989079002
316,0.2805406783983555,0.02664048971230404
317,0.2740967440278963,0.03830804713402802
318,0.2756358225108224,0.03794479949879026
319,0.30776515151513806,0.039358319114979334
320,0.2929853365792878,0.053354988724918506
321,0.2944007246787228,0.06402270738867788
322,0.30100108225108446,0.05614402637990068
323,0.2847912947377518,0.057291435743545005
324,0.3099699937723077,0.0526201613741728
325,0.3010172306414871,0.05471153104866788
326,0.2958272783890381,0.05767640911253924
327,0.3016625003460227,0.05837677093468718
328,0.30228011902291296,0.060182774091099844
329,0.2823764804595452,0.0662221814647923
330,0.2950321909807485,0.05063172680419559
331,0.31989585110048235,0.060326351339023976
332,0.32523700781952325,0.0536174408682033
333,0.323507023735381,0.04326572607374901
334,0.2892306702861447,0.024759632626636385
335,0.29928724655734484,0.028553516076545993
336,0.3012175530565653,0.019609957478783357
337,0.3162202380952328,0.02167567970305928
338,0.3297483766233622,0.028525273083046532
339,0.3331304112554223,0.017092065924406707
340,0.3442668327451326,0.010999904771136215
341,0.33461352155561563,0.01473989190945435
342,0.29928724655734484,0.001026703046946853
343,0.32523700781952325,-0.0005858220255006152
344,0.3044000270562952,0.0070216578317294776
345,0.31485710331464745,0.025932138952844408
346,0.30100108225108446,0.00984995239189379
347,0.29822082068116096,0.021239586805932298
348,0.27752978334885103,0.029318342234729844
349,0.27394480519480346,0.04024672502543902
350,0.2937360083272722,0.01971600895664949
351,0.2629531926406914,0.00403866347162829
352,0.2597863620227958,-0.00034592915590381246
353,0.25365259740259827,0.0012989825080245154
354,0.22490530303032052,0.0032225691388498845
355,0.2517184625810742,0.005384884628845121
356,0.2339690838093489,0.0007553017165706777
357,0.24042340336269952,0.013845636194464994
358,0.23477587375351217,0.03361520541271812
359,0.22244086067502167,0.0168112639009399
360,0.2218672346467887,0.025047583991688604
361,0.2766251728907321,0.02332829126069358
362,0.3037030699690524,0.02485287784794732
363,0.2290153935521344,0.028313123317158517
364,0.2291283441443026,0.013619805675268992
365,0.2339690838093489,0.014922187336474657
366,0.2339690838093489,0.010837389740137038
367,0.2186400748701134,0.01978207243887864
368,0.2156083537667941,0.051212480661466664
369,0.22997835497835517,0.035375355304934075
370,0.22406358332629495,0.046499959114332245
371,0.21306818181818787,0.03473605437224192
372,0.20815180559587976,0.026064035310702227
373,0.1839481072707816,0.027795574791278366
374,0.19138671055605183,0.045521196392683816
375,0.2553436147186172,0.03305902039946185
376,0.22659632034631727,0.030732665307753315
377,0.22152326839826042,0.03722635483153214
378,0.20824798579814896,0.044487467082499066
379,0.20352083131636167,0.06470275799441705
380,0.2526287040830244,0.015129567598892724
381,0.28070887445887927,0.018278022494400137
382,0.2748190632254621,0.029162007048189054
383,0.2851718564152561,0.044908472213101014
384,0.2729573942480856,0.03804448414119754
385,0.2836317057549831,0.028511311767986935
386,0.29201866479613425,0.027769044099290596
387,0.28515660739882875,0.04868793755786749
388,0.31489218945379704,0.04664766671722553
389,0.1839481072707816,0.03842999629315447
