minute_index,2018,2019,2020,2021,2022,2023,2024,2025+
0,1.5498259806827503,2.005491918225821,2.032904033688816,1.833502572754817,1.5367275067499548,1.3476775673161383,1.4105526150593162,1.5407904055820811
1,0.6262816454977822,0.7460098992423665,0.6209198176729852,0.6598825692218733,0.6303652796232805,0.6441562087622964,0.6684521598387514,0.76060086544382
2,0.514648600234543,0.6168166651781557,0.565297978965124,0.6122529847620697,0.5705903770990395,0.5902655732081105,0.6203105156488841,0.6140932685923968
3,0.51306172468714,0.5951891064473257,0.6214309283261565,0.6632468737816732,0.5365628486227595,0.5116708480698381,0.5979690846677526,0.5323007047155861
4,0.5083191962708637,0.5692224017506038,0.5957158613748236,0.5961740035094691,0.5173538521503648,0.494611777316069,0.5250110320980025,0.4889048104754084
5,0.5629226297783727,0.5814848264757488,0.582948500952068,0.6794408820158808,0.5986385323973394,0.5140822099064892,0.5405913173811129,0.5825214916999978
6,0.5089031589114712,0.5607838752541157,0.5029121524253423,0.5675919351043062,0.5220192753086399,0.4679426546659169,0.47029021668540716,0.5584172446854522
7,0.42027114946105365,0.502397445745081,0.4613985222546335,0.5488890899577862,0.5260287851311564,0.4797760305459543,0.4574697065368246,0.513241117768823
8,0.44273284496620235,0.49145597937317254,0.449312994941141,0.5034898437544043,0.486906317515858,0.45808933314469996,0.443946658396617,0.4781612819618271
9,0.4551916311781634,0.4882539841136281,0.44762350707609183,0.5112496803823228,0.47234600078244277,0.4339621551665459,0.4103089431472481,0.45172212261502537
10,0.4378815458616298,0.47557282071501045,0.48639806456832385,0.5996438540058713,0.5269905653701054,0.49115546937848203,0.45943773545809874,0.5094447319110794
11,0.4074173816783081,0.4580804983654967,0.4454805958037083,0.5143454007266932,0.5033020706579229,0.43279787049332163,0.41665742569085723,0.4678598672831726
12,0.4408498640320112,0.47005978101094126,0.42295775831904614,0.4656406605156313,0.46597077956707045,0.4293610391672709,0.40220741169527435,0.44839074179725835
13,0.40867558218834704,0.3851401963412104,0.3867900627373903,0.45521341908005863,0.44015165695538044,0.4126614356801877,0.3830023982103766,0.4378573340122788
14,0.4065945432290859,0.396312489890985,0.3675240772995243,0.43841129055106565,0.43676068585666816,0.39703803931415593,0.39699398718476875,0.40255803794632283
15,0.45442701844847677,0.4887709900171488,0.44128519173340236,0.5517525670500192,0.5328286007526467,0.5022828855385286,0.4630748495949076,0.5729957812825469
16,0.40948432088557224,0.4198007701922112,0.39101339535018953,0.5120556815162784,0.4527684749596258,0.4319893761717993,0.43067396959234927,0.4602753777767312
17,0.3986999545307147,0.3895211653890949,0.36856460484443876,0.4561126091422115,0.4213327424856239,0.41536549057125666,0.3922375248879079,0.4483461099736971
18,0.37272372073580284,0.4147608114826851,0.40075153640269745,0.422612972580812,0.4281658361921876,0.40130605504804184,0.39304302156046333,0.44812385907483676
19,0.3911351798178283,0.3789646765203888,0.3704803403370141,0.4327151417069144,0.4096764429971399,0.3787767922688547,0.3777002611006119,0.4363485642365879
20,0.4085378335401159,0.43277405644590405,0.40453339923297166,0.5325357261005322,0.4357899760890328,0.4355199063136839,0.41844655537777253,0.4789620923240485
21,0.38749531086301087,0.40140500515008165,0.39050543406969895,0.42767099561905336,0.420568109276941,0.38840238240880837,0.3866336006424863,0.4260998252861016
22,0.3542091958653858,0.3439699012483118,0.3746786516962638,0.42243008779083335,0.3885058884962865,0.38798028440790006,0.37787826125119517,0.4006226276912874
23,0.36600110319811774,0.33054330669059817,0.3711878106622644,0.3961921343095042,0.37441882788433184,0.3636348644937779,0.3636702922039381,0.4025054967628108
24,0.3526240609191169,0.34357733086693676,0.3718261544036985,0.37410471455902794,0.366413823562288,0.3654293236482971,0.36125167914280554,0.3848265184817468
25,0.35697270836520756,0.35294913686040263,0.3653912232566005,0.4102981064843885,0.375610644639192,0.365203237768864,0.3551765626221501,0.4265579317622017
26,0.34566221669539043,0.3099435391566012,0.3559675060752003,0.4012749300527932,0.3487288689116251,0.374995180453623,0.33663285710662105,0.3803724015724935
27,0.3323400150759669,0.3273989186999109,0.3479333988616529,0.4065522771526267,0.361349571323632,0.3366052788803317,0.3321743512001215,0.3681255180843642
28,0.3339313884915647,0.35700107227168365,0.3404406625143883,0.36817580488754414,0.3292849386602512,0.3179099301094699,0.3158386312301898,0.3386397213411426
29,0.3167948543784854,0.3269742824887534,0.34130033678408783,0.34679344830189546,0.3449163510263113,0.33757353195371137,0.3187563120988061,0.3275456602706699
30,0.415044527609733,0.5055394660843389,0.46564295183499305,0.5128320515016919,0.6252853179602957,0.5805821126644601,0.5643031427099949,0.5216026665697476
31,0.41010825568504067,0.393384187626223,0.39352830695961705,0.4700095515820415,0.45909853853604027,0.4196018458727214,0.38795347045993284,0.42067757156209984
32,0.35443595327632255,0.34674756189840217,0.336626381070988,0.42176021387372503,0.4310640749274307,0.39497746178858495,0.37586542061726524,0.416032874027559
33,0.3117523565661166,0.3777382889279189,0.3505307854997201,0.37532853984428244,0.3875572473932697,0.35947034103005315,0.341701625855174,0.39199850213556103
34,0.32178911779551683,0.3740726164110712,0.32714032678789084,0.38706512261449183,0.35965876101214206,0.3495598934872721,0.336184741247882,0.3650524056438031
35,0.34480910927910896,0.33014670648202094,0.34662186068020717,0.4165733271845164,0.3820963278663757,0.395889578330335,0.3458815114922777,0.3796109962447992
36,0.33615619421347265,0.4020648998818294,0.36400815590225377,0.3743281688110898,0.38841547754644207,0.3790104540405681,0.3504644066022196,0.38796198401242654
37,0.3355404150599907,0.3360411286436169,0.32378244593094735,0.3607413504635558,0.36409660825291035,0.34123240571333235,0.3546533637085272,0.3505115666494416
38,0.31165196107449755,0.3317964996745928,0.31795593461312815,0.3395392265623576,0.3421639250076725,0.3535771139759799,0.3422705156008399,0.35255103145011885
39,0.3063480790384549,0.2869683474322074,0.3029893366835566,0.3373303126674394,0.34574738876021777,0.3262760393104536,0.324260823217328,0.334840586463096
40,0.2964833959154683,0.3227276744707213,0.32689702682915156,0.37288272984081766,0.359368110984935,0.3463671336086962,0.3428273307738883,0.3839719608308109
41,0.29038754224272656,0.30237543276035955,0.3102764786677184,0.3386952993896624,0.34565070341830106,0.34630613573521557,0.3354982547251495,0.36175966392197123
42,0.29425246807549976,0.33111424168342035,0.3248081469096754,0.353638820705501,0.34129104992269643,0.33737833856400296,0.3244684232157176,0.3558572850582665
43,0.3110394659178496,0.34422162596978684,0.30250537918119186,0.3469032626027899,0.3356719477165645,0.3345830142815665,0.3460906350588811,0.34256293896858625
44,0.3166882541168452,0.33552997146652114,0.31233602492762225,0.3127658914785379,0.3316532018504175,0.33379476055033475,0.3053671907406911,0.32173066460269856
45,0.32365474788306214,0.3718215405058952,0.34161757492263073,0.39203565018875147,0.36025269586110087,0.34725944838676953,0.32722281427451816,0.36978020320406024
46,0.3018508861474828,0.30997925008044164,0.3133801038485269,0.35986585783377506,0.34737897215208197,0.34729555438249216,0.2950180306635278,0.3395214152350654
47,0.29999384398296025,0.33932967907843625,0.2999883550566788,0.3446254549172289,0.32758516287892914,0.3108236602238588,0.3183473718336829,0.32850114746781905
48,0.2662748660167993,0.341630629834234,0.32460271002299207,0.34196838509290545,0.3057862337671544,0.32536271476362216,0.3012785319307839,0.3152117173228183
49,0.3014929659771081,0.35065770961476833,0.345501123968628,0.3213889554314153,0.3111104847070559,0.30565389631165096,0.30008154502748713,0.2961917970863906
50,0.3227655742233492,0.2961291159228119,0.3277401571521754,0.36953165076153305,0.3231505440522778,0.324925241518367,0.3018437346935938,0.3302165977760845
51,0.3453935881836603,0.3156207610836074,0.2970778287078637,0.31893243497019297,0.31594699481811334,0.3194958022906854,0.2856024102078218,0.32379169267151237
52,0.29941236667123866,0.28855704012708416,0.30205796488157505,0.3257814258966456,0.31041088963919783,0.3113075696121035,0.30070969570898015,0.32004141334004654
53,0.2577594777887318,0.30562897471602585,0.2862793242042124,0.297216048178491,0.2785698003534698,0.3071102247678558,0.28533173729265093,0.3052788865938789
54,0.2832830664543489,0.32388592020401497,0.29658974497330715,0.31498072262174664,0.35365111813162853,0.29827414536903657,0.2905505242218961,0.3047778323311564
55,0.31492713078151136,0.3100911229126998,0.3238504688139802,0.3146463046134436,0.3054397376185559,0.30362203348995626,0.3024737903165129,0.3302167409475935
56,0.2679129335700091,0.278394154500676,0.3055722401138057,0.3041013683971186,0.3169978083933241,0.35119152574638346,0.2913274674007651,0.3109897073648017
57,0.27362472658565523,0.323374548852118,0.2784097807468144,0.28910502213862704,0.299943980269522,0.2971479164789224,0.26912791681023074,0.29578687313102414
58,0.2544243915275763,0.2538285308790031,0.2817947966080289,0.3271089088020526,0.30593922177163985,0.31664662211042277,0.27267581408950625,0.3041641407628289
59,0.27343035174627783,0.2891787067860448,0.29133976673651096,0.29939785884022535,0.2936523877358794,0.2899239959379616,0.2825669976301316,0.2747339684362928
60,0.31360968586436244,0.3396102127563834,0.3012566882499123,0.37513415934111793,0.34829610545938344,0.35379534307423466,0.3317790992532941,0.35742896772369465
61,0.27371828320132585,0.31192516636522766,0.2898893443474971,0.31971127732649857,0.3170803728748278,0.2985636388702864,0.3144978641972313,0.3347109374385787
62,0.2758938447368455,0.2973920958311666,0.2896920521749933,0.32916294619337183,0.29008989611047675,0.3091084952775074,0.31190845744539053,0.31080411165173877
63,0.29095540388597274,0.2882463458247145,0.29398384950512796,0.386445653714919,0.3142467116921942,0.3014252147692289,0.2946555736977876,0.2990489703136596
64,0.26009205988529355,0.2768819556694428,0.26505745638475803,0.28951974009192694,0.3250437704543223,0.26968202499439436,0.28796019075079593,0.29498361515604304
65,0.31077879250006607,0.31173832797970447,0.34539857002175806,0.3359484750961752,0.29380938881030333,0.301789023943097,0.3000655912113479,0.3230571912330957
66,0.28410457828291186,0.2522484610339189,0.2868991730634072,0.30461756047212873,0.28063365967632525,0.30145967968435766,0.2895962428247308,0.33646483487455325
67,0.27476690284757865,0.24221851170246445,0.26525926613840245,0.2960872694809531,0.30643465194280556,0.2699534986660654,0.2910443695963909,0.2966285086437377
68,0.25813843109586904,0.26788335269184566,0.2639188413643386,0.3266605670421644,0.2904986759212785,0.2749338626381452,0.2859115141271062,0.27659781833451974
69,0.2699538164209476,0.2648530650747363,0.26882643741704343,0.26493256333105114,0.321774799183472,0.2705525915099173,0.2602264040277819,0.266318204209324
70,0.2558619744160666,0.26249875336423867,0.2919813582391586,0.29550425358694765,0.2981895725205373,0.2853334353201836,0.27477183689231816,0.2949929889230011
71,0.27214292174576377,0.2833041849155124,0.2598194335470369,0.29183736463562376,0.2798729205730724,0.27774669590161616,0.25794565236209166,0.287404051985873
72,0.2431174653839407,0.25607065454441447,0.2612161880406414,0.27502401206374544,0.2634481871506146,0.2600495242359769,0.29464289434429813,0.27387159967657715
73,0.34436439701630595,0.24196520977700167,0.25644122960146903,0.24785630137023842,0.2659040826936216,0.2776249216510755,0.28446447348364723,0.258183192010305
74,0.2612328757999218,0.25381134203077715,0.2660640933212873,0.2807108784931276,0.2665884413022633,0.3223190822796541,0.2570032564723709,0.26525515757999685
75,0.2592088794622966,0.2815907058239356,0.2984976043388729,0.29105992319336876,0.2757896779606782,0.30300086235177,0.28907981388069137,0.30744474086032164
76,0.24011698196332776,0.26397407528151196,0.30858771336297325,0.30169705110415596,0.2800072482631997,0.26594778533273394,0.2488495978736786,0.2940288714278728
77,0.2790759256727585,0.22000429687426376,0.24597464347077866,0.26462688949563695,0.2745226772875409,0.29194242179612706,0.25811797790334223,0.2682041363424677
78,0.2603154223290658,0.2524783819520394,0.28032968045435547,0.2649426683725232,0.28174011377137353,0.25894864181794297,0.2768811649939179,0.2715349308190391
79,0.22782627026026475,0.24089326340349917,0.2661057751586647,0.27705534436970597,0.23350652312622347,0.2806555845926913,0.26935465952196364,0.2784782317082743
80,0.23558702566050674,0.33041321834133214,0.3177046909659279,0.2811178801112108,0.2670194647669354,0.26451870915184267,0.2851682202836453,0.28653755619783233
81,0.24058781504354515,0.2566422980808686,0.2626573244105582,0.2595697209539954,0.2800796301056478,0.263690698223181,0.2560083472705524,0.29815791149433957
82,0.23329934252037277,0.26566507717669524,0.2425751719297928,0.27590942142322644,0.25660360845431307,0.2589144330146995,0.2636892113364107,0.27336755405019136
83,0.27426430198822926,0.26207473421036437,0.22989367007721043,0.27419023285177063,0.28079353708459054,0.29234105665140264,0.248842798504972,0.2557275352540626
84,0.24265426330685858,0.2514496702174252,0.24785383806089709,0.26818892725045457,0.25771159263288407,0.2693465132232715,0.26707003026694565,0.2544689542735119
85,0.25136227537358763,0.26635855108929185,0.23678801566269247,0.27997759804094446,0.27296114950905637,0.26513832198557585,0.25865978792684663,0.27938801845370975
86,0.23306367156125612,0.2352832228694261,0.2455867853419323,0.261159102723629,0.23587902487664753,0.26061614124248955,0.2585926860022389,0.2853126693713706
87,0.2352522419328508,0.23689539551784508,0.25367230299759264,0.26515526748588786,0.2291028635346241,0.2401622580049342,0.2435645500758487,0.2519743849685304
88,0.2490117294156312,0.2599213457227085,0.2406822604797885,0.24609428594989016,0.24158261970524658,0.25535703087217176,0.2895092482640152,0.26815061689370573
89,0.24401061180376124,0.26413219025880985,0.24181661533158863,0.2628656064932656,0.2524198453242612,0.2531964745008038,0.23633206450416921,0.2562933328884677
90,0.30657073581818584,0.3384562785024658,0.2978577330617951,0.33152187360955937,0.3136014237809577,0.3076272461420926,0.3063298381915372,0.36591763316333026
91,0.25719104251342656,0.28574308193014236,0.27155858038921094,0.27438019682288156,0.27288349073688667,0.2563076837767547,0.3032994976561067,0.30014269706739827
92,0.25921266722812686,0.2777594760102037,0.2660734867223027,0.27247920467710934,0.2667394875487656,0.26951986456679966,0.2638750140813116,0.3106751898736979
93,0.2500717551125604,0.31713683629485284,0.29952071944209724,0.25430784024344927,0.2488003266474525,0.25783172666065807,0.24840819514703086,0.26436926471918487
94,0.24635492205850276,0.253760555465714,0.2526138657676552,0.2590171911028966,0.25674654316731205,0.257907912119096,0.2750279043142925,0.24085555662461802
95,0.23517150671380652,0.25841470100561903,0.2518299046743384,0.27666238919816594,0.23413185289934293,0.24585927755977754,0.25926912239538846,0.2786609953157731
96,0.2226412400873486,0.20688919002229658,0.2560442764587734,0.2711346431814423,0.25924348979108836,0.26669662009542494,0.2370602884054835,0.2677637703326112
97,0.22187928873891136,0.2290130354434115,0.22769421210781277,0.24062299529207135,0.2504991357884543,0.241197057363997,0.23436893434044365,0.23610994611736116
98,0.21826270416395524,0.2376269496496467,0.22772925046095335,0.22023383300788288,0.23601974588561417,0.23757839976124928,0.2349399648440737,0.237845084946208
99,0.2545425605920636,0.23922288418694737,0.22283019730514333,0.22611481985844736,0.2416918917917401,0.24094891363681947,0.2239022515918624,0.2560678801424484
100,0.23965885409574111,0.24154150802059363,0.2329985398524464,0.23222918147667118,0.25559001125011926,0.2411302487856856,0.3160509122268959,0.28888962614575364
101,0.23409775659972457,0.2335942399751603,0.22776817508295635,0.24810668947897144,0.23890921797938758,0.23720297886333125,0.22527567546947055,0.23110566161364404
102,0.22037805609191138,0.21320384565502315,0.2179847675764847,0.24536543421951962,0.2372853877589417,0.226975330193013,0.24240035950700717,0.25677352162869976
103,0.24179900620279335,0.2371964564149475,0.21314139264561766,0.249863470894105,0.2309901661685665,0.23376133789866307,0.2265568471081116,0.24417533935224273
104,0.24440970270633366,0.20847322384372857,0.21452193202177455,0.2123476403489535,0.2183476327222029,0.222604235444952,0.20104952646296792,0.218594309527997
105,0.2555400236443362,0.2519713279258679,0.25418876683553276,0.27257501305258885,0.23544505724645506,0.27464599657981925,0.23293997167202166,0.263084441644075
106,0.2516372426720865,0.2221910224543504,0.23845635921226208,0.24280651037257636,0.24711124940623513,0.25081729762813637,0.23823575290848734,0.25033700999401154
107,0.22975978008477055,0.20308393971082014,0.22571220374135403,0.22770285418045552,0.23221441917413732,0.22892345360874516,0.21165866222335658,0.22992635299555134
108,0.2252593019539082,0.2231969003340455,0.22371437853121343,0.24270810000725326,0.22410367632169764,0.21141303076843784,0.18866204321335264,0.22669055438192254
109,0.23050200155957237,0.23785970618688485,0.226657238290384,0.24193037009129637,0.21813915304166617,0.21460533371225124,0.22912527687133566,0.24708300634166713
110,0.2088544246570302,0.24709428351912716,0.24111202045758923,0.24642147077576865,0.22558909467448246,0.24617133274173342,0.2169172365779221,0.2849063886255782
111,0.220248852946938,0.23782808651931756,0.2209023512569447,0.21831995210669017,0.24447333715397088,0.21392098637080587,0.20920247375861595,0.2399268997058445
112,0.205351270351974,0.23277776361468672,0.20928587849292335,0.20846715383291445,0.21224290568412396,0.2330183077072636,0.21394675313581202,0.23316481797579885
113,0.21012994071563523,0.19356793700920374,0.19923369018554213,0.20892121417794066,0.20716147651023292,0.20262699239905752,0.19750179467442905,0.23956296516623152
114,0.22107230371864156,0.21030812735723078,0.22535114312662538,0.20904518331621452,0.19562148504074098,0.20691452790214715,0.24517549566952498,0.23209804068715958
115,0.22015488729105162,0.22896535841941212,0.22781830359442276,0.24523100172872608,0.2258890026764147,0.2173727500979304,0.21038028777409862,0.2774551060906522
116,0.2609834429978411,0.21099831897416027,0.2508044257086239,0.23184267272934145,0.23305096242308276,0.22582814274042523,0.205752017804135,0.23052687287699838
117,0.2175025276592601,0.22855104801801493,0.24060833308863214,0.2269594841982506,0.21364044339009874,0.20595147080684365,0.2000229925262262,0.23813631686570033
118,0.20544936004678144,0.20703487359516262,0.2203856701136648,0.21717059685402765,0.20430412755201802,0.2159721251003599,0.20439881720552688,0.217645224567437
119,0.24389474925200377,0.24819753235950748,0.23859059686009865,0.2187681218582027,0.19887671591262002,0.23075446096163033,0.1953901775184115,0.23420560390247935
120,0.24525806325403374,0.27198439539892333,0.2518058947832058,0.23478417072294314,0.2374567280419375,0.2518283172019597,0.24680512575334745,0.2772880681137114
121,0.20698420502274792,0.24341636137003858,0.263086776631827,0.22509160968039862,0.22375690571910548,0.24277034502863706,0.22745490018635686,0.26225348109532703
122,0.22607622921617634,0.24537082470470817,0.28969180143239615,0.22393938557969986,0.22527624334490207,0.24740786681329963,0.22391664003351222,0.22371433282396688
123,0.20452726145748998,0.2351229759244577,0.24505481419742567,0.22653475919792226,0.22771336703241363,0.2263923903413355,0.201250680068584,0.23469542030590337
124,0.20893706151066824,0.2270408747579382,0.2498695872153594,0.21363066543111583,0.20936104179066492,0.2139266103675722,0.19042334539982098,0.21769834930886373
125,0.24065273665585823,0.22200193518384273,0.26157151627226194,0.24628261864115192,0.21905115056539645,0.22747247716764205,0.20169010019741368,0.24894225948903534
126,0.18644317541478572,0.1963572265380422,0.23648634576962463,0.20465743111036566,0.20625336271852415,0.21706047145275792,0.21481782167046512,0.2236512529655948
127,0.20814997198569254,0.2737815798270746,0.19245404252052756,0.20235333281843265,0.20585838788987212,0.21341824611300608,0.2359078705980299,0.2375318540661054
128,0.216347287353186,0.21136224392030176,0.22011895079643473,0.204769837469391,0.21011737613590264,0.18946419576477866,0.21938223537079088,0.2134892326698858
129,0.20960146814540032,0.23164895093431412,0.19449928687152243,0.18761857986770628,0.20710013875572839,0.20557568527230247,0.1881253850248244,0.20282365202431848
130,0.2246354649904181,0.22494334155187204,0.215781999806963,0.21472147876136424,0.19780484164686202,0.20128848760698867,0.21105115786825646,0.23084116340770278
131,0.20147931072419276,0.22203726512879948,0.20771980918087554,0.21674118445356266,0.21277421474658967,0.20399793927351992,0.19682138292293472,0.21538385481003533
132,0.18349677034105968,0.2257586355029203,0.2120765488234269,0.22241729664765886,0.20357382369654783,0.22684084903919607,0.19567398083825582,0.21183424090061148
133,0.18951580208939647,0.1876980303498133,0.19858387736821068,0.22874302379558253,0.21012547274929214,0.2257881785268239,0.1877727614289727,0.22530446072388027
134,0.1919971484680238,0.24170555664954782,0.2087387987457518,0.20568281530363267,0.18549532974137264,0.18935450537265472,0.19336623334882508,0.24662332169888593
135,0.21377296079412073,0.22380505703222364,0.22811501443340462,0.21238123906766243,0.19512045034139563,0.21854363597705526,0.20303839776032845,0.216616380275485
136,0.1854458088346124,0.30421562830407384,0.20365098790472552,0.20287810720762695,0.20419400416027778,0.20011683279170442,0.18465538477079757,0.22072465976241643
137,0.19821311773058956,0.20658333156203165,0.22463830979423755,0.19884237267571678,0.18384944951272433,0.20997556526559036,0.20292344458348147,0.22164091724602317
138,0.21686345074763913,0.17881087444593005,0.1839054410305308,0.18182757613394132,0.18934034701309946,0.234927291957978,0.18624075918643357,0.22123570737138773
139,0.19699216177726214,0.23396106806380296,0.18338143674706683,0.193314580694194,0.18226076437854638,0.19874877301205213,0.18498215219167613,0.20847289856775406
140,0.22031296045127546,0.20659346175401314,0.20584318108273736,0.21083236560720497,0.20166465427670577,0.23537935010673278,0.23312729060311094,0.25008575564919155
141,0.20704367353075714,0.20271055675834238,0.1868050053630365,0.185565263185004,0.20751424234226293,0.2182082329706837,0.21617509200030008,0.2448090152518067
142,0.19520223526671945,0.21502973642066808,0.19087487128574576,0.19240439990566802,0.1849543009665814,0.20721152430671433,0.19624633429685218,0.21354689428714052
143,0.21053168433882324,0.2069369147198477,0.1818268147348469,0.20735910629571241,0.173628256585692,0.20459847600141567,0.18659596915551974,0.2193265789230739
144,0.21313883270985903,0.2118137743292834,0.1729308768397477,0.19531415447495465,0.18269925304336063,0.18426124134587177,0.1827189232880435,0.23616386432623693
145,0.20778558709603936,0.2039351183587383,0.19109289480173405,0.1994213421307787,0.19480778018495326,0.1935475495980924,0.2004840938440392,0.22742130878313171
146,0.2019120507459366,0.1982468434136565,0.1913758480929677,0.205348712727939,0.20235762641936958,0.21560480877266439,0.202969954996078,0.24556937138167567
147,0.1892475374143099,0.20141002054798393,0.18526237190534764,0.17958987889251657,0.19327500333546666,0.2014760734027091,0.20191375517523152,0.2013269787001108
148,0.2060334616337149,0.19425276435443944,0.18387405507568524,0.1926513050176625,0.17523076387183,0.18503769427159442,0.16710870389987903,0.18902908314605174
149,0.21765301466028228,0.18853164938212355,0.19442542723256356,0.17457875900791334,0.16812603933590228,0.17207790906412826,0.18189832273809264,0.18187068784715957
150,0.24083051249282933,0.2188927503415145,0.23770547791927346,0.23557411685217075,0.1828372583858957,0.24386587816658803,0.23822398559223773,0.2859617852787404
151,0.20941398777060374,0.2063662107672436,0.21365337912201507,0.2138855764096401,0.19852736536431442,0.22166631481639007,0.20833584274502612,0.21867093781703884
152,0.2002574942057906,0.19907759618396353,0.20428947422043084,0.19571525272822987,0.1917119220817088,0.1975889886396641,0.20844949675389635,0.2293456921550478
153,0.18992153787509994,0.1937014637765912,0.17870787562338297,0.20225532612548808,0.19240408968229722,0.19733108189872328,0.1991854636445001,0.1903174653188012
154,0.19876972019522546,0.18451160739527972,0.18315058566655504,0.19037104960432938,0.16998511971019958,0.19927247975013698,0.18175739630891086,0.18621740089351702
155,0.19607335848617036,0.21588625998345146,0.19940548294211788,0.21333435357452238,0.1799970997401149,0.18959000171592985,0.19305778570969154,0.1992765771318519
156,0.1966414138840671,0.19615393069745599,0.18203339552648387,0.19286586233453393,0.17949184437133409,0.18199877101078657,0.17280321552070702,0.1945433881515953
157,0.20313029733538626,0.18469620232674439,0.17947147564555102,0.18178845829472387,0.17151588125045789,0.1973137912418292,0.17013602303101225,0.2005294566329833
158,0.20765731177518135,0.1826873298925447,0.19043876612713057,0.18021081795418606,0.17654420725541553,0.19065236216459655,0.18104403640259828,0.186585577627275
159,0.19677461349704192,0.17309800484644836,0.18801127715945218,0.18441808267430834,0.17844560956396913,0.17927227948135138,0.16981618728913028,0.17941202485302618
160,0.21843960531013593,0.15108271332763942,0.18431752433809942,0.17874637863475532,0.17729518034059363,0.18943561457253438,0.1793887524814314,0.2067407992285313
161,0.1743393097429918,0.1913512788395169,0.1847626495161833,0.18918533360689666,0.18144997895243353,0.18163759585407563,0.18246774979055752,0.19549828607771425
162,0.18584834128805772,0.179260125281753,0.1829926275352734,0.18270747871197132,0.20642547230264174,0.17959778395491227,0.20377429529764576,0.18650857074653657
163,0.1712025089638182,0.19957390475563277,0.17215110667376277,0.1703948880669425,0.16773797460848017,0.20021156126589454,0.17247749421336733,0.20226561041207933
164,0.1792716375802712,0.15027777741698242,0.17847478135545172,0.1792223670376351,0.16802998395609248,0.16446504917707613,0.16493404458982291,0.16416863441275203
165,0.1696904961853656,0.186560606956828,0.20933088133029334,0.1994904055209426,0.1877352577523133,0.1964862429855662,0.17693765907328435,0.19150571440675118
166,0.1777831348728973,0.1873780388612441,0.2026096253318397,0.1728760385110424,0.18810978734469144,0.17863846211593795,0.2103470299827839,0.17963436695137633
167,0.2019711070353996,0.18820043198544703,0.19750064338877543,0.18821128257577394,0.16657317259008847,0.18048100923916863,0.15991003549046734,0.1857432874468253
168,0.17534554452400264,0.18977514588630046,0.1818854707987997,0.18443692582402693,0.16852553962993383,0.174189825476168,0.17636272459539432,0.17688804768907881
169,0.1577719321425206,0.17072491577054263,0.17302627892554823,0.1686005464783683,0.172368408383594,0.15872371513069305,0.16304565848311084,0.17908696377617886
170,0.1959519949251272,0.202320324329147,0.20024202859657914,0.18696919903680026,0.1782571743887702,0.20719641847509435,0.18514385705989367,0.20993901671079063
171,0.17896050226454258,0.15225879066252374,0.1896194611931648,0.18119058411389735,0.18455487965005557,0.19063440345572474,0.1829252874439246,0.19151540523472171
172,0.163024136617204,0.15685351195875444,0.19245203647061757,0.16447601156558675,0.17947661427201886,0.17425994306199716,0.17100447818518116,0.18373818741448303
173,0.1744208585517152,0.17725621604434472,0.1681446077572454,0.16815908086208795,0.1902256301515235,0.15945537617563588,0.1743179171367841,0.19045722784191668
174,0.1600506776298577,0.2015348211640385,0.16322632885370558,0.16475024438558794,0.17375319462056482,0.15358660166938715,0.16993853865518807,0.18614266759051284
175,0.18722309315847127,0.19727064450627915,0.16729851391618292,0.17881337736276953,0.17961647590197957,0.16528217608753046,0.1875048911086874,0.21978400842916787
176,0.17319861376382134,0.18123754110738324,0.220233446019307,0.17364128216114144,0.1489857633424272,0.20976799753198858,0.18276712510951504,0.19373819143286355
177,0.22884218414014967,0.17401418811613403,0.1569750111477758,0.153057572862436,0.16625354472881085,0.1810240707079362,0.1660391115893479,0.17335326336199458
178,0.17233839717534755,0.1694246899062459,0.15396865681095548,0.1566829261899618,0.16453311443452204,0.1771889892899836,0.1733756821057928,0.16447692970613567
179,0.168584167769593,0.16432335610134585,0.15669706310705586,0.15460721728189755,0.16657793136358934,0.1549862870343564,0.1712161313683057,0.16667101919602137
180,0.18762322166605053,0.17623619411689415,0.17714788485452732,0.17004737661647942,0.20005729931120628,0.1781454927495237,0.17377994542887742,0.22091491389069903
181,0.19943382486566902,0.15824183025766383,0.18599356148192034,0.16270163058855835,0.18589416704523093,0.1881571223409327,0.1870490499838473,0.20087940411488597
182,0.17744730388133761,0.19689001270689366,0.1952149283753106,0.16872842399805707,0.18239758193491362,0.17983520732580216,0.18117114153045055,0.1768896220032273
183,0.17892739512338812,0.2016891880870824,0.16220525410032327,0.15557287180777057,0.1781587474020306,0.17022563456567125,0.17286018230471872,0.18912600733281448
184,0.1495086942447559,0.15194663807553008,0.18099859247474398,0.16311124592925805,0.18501103948008538,0.15567212830292712,0.17111297381988042,0.20106042109575922
185,0.21221928145401217,0.14412396300549957,0.21056087091510906,0.16532403596901807,0.1713771884285166,0.1752742884787958,0.1620347499349853,0.1919445590388301
186,0.17339047484474718,0.18919431780813162,0.16964869522710008,0.1517734514030777,0.16592025627077198,0.18664912189775723,0.1894709621387776,0.18015983401733585
187,0.1776670736524791,0.14917903266610974,0.19758220537503243,0.16038420628064987,0.1634713512613762,0.18231778859534428,0.16489746645466816,0.16106132149297023
188,0.17931821051283428,0.1564600940119169,0.1729886141932534,0.16880104075089022,0.16995261144734047,0.1588060486861014,0.15274300894334913,0.17578450310540555
189,0.14383006774558138,0.14790563782778737,0.15332717554195538,0.16640754839241095,0.1632951042128537,0.1448494244452895,0.13984880917372566,0.15894924050503206
190,0.1748498120336474,0.17861394342291118,0.16844658880816984,0.17244781027695952,0.15781479818885893,0.14959747466199555,0.1598275304106282,0.18521371899874384
191,0.18389883799655207,0.14173876473855745,0.19570591463605067,0.1565741734306368,0.17236130300948144,0.1801104828651751,0.16932766680588685,0.18306961812179806
192,0.16113865516567663,0.14968751168527492,0.1531892386144591,0.14797679071595438,0.1748249858562221,0.1537455956059563,0.17065472252443667,0.1722828229806421
193,0.14377962242311998,0.1517032337327529,0.17113198519502204,0.16507537459591556,0.13903345423359897,0.15250603235978677,0.1501372284928637,0.17128100930767023
194,0.1962306867829339,0.13115328781811483,0.17590979105697105,0.156361773705225,0.1694283115801862,0.16210331244363807,0.16071308027616715,0.1648790746917484
195,0.17554287430166668,0.14181870718823167,0.18839326895306877,0.1822484018370223,0.16738854311873652,0.170624355013617,0.16233684112375227,0.1880447472295216
196,0.16743208345995508,0.14414606652287343,0.1966111904068518,0.15925306658542024,0.1658628837831399,0.1570215271150387,0.1690616274643233,0.16064628849336682
197,0.16046802489975576,0.15319277594616926,0.1775157413422598,0.14792972990773845,0.17048480379630843,0.1603602243093818,0.17012668954191318,0.1678261728063672
198,0.18053334016140699,0.1446576788709811,0.15690722350690622,0.1598184908303021,0.1579219275593596,0.15618938665600768,0.167624805065769,0.20047050376055942
199,0.15643357568895394,0.14154246401848727,0.15227948999414334,0.15936906261060177,0.16764888894978597,0.1500744700841709,0.1638770290418693,0.16528466630369787
200,0.16585466589351008,0.1591008037715578,0.17185228652169704,0.15933751605004287,0.1635471977940577,0.1766234886583339,0.21821717055912696,0.19398632310495398
201,0.16237410761983256,0.1527366046178783,0.17335807539367928,0.1429602753340525,0.16682915637556836,0.17169874288276976,0.16644839335936806,0.1713320943773379
202,0.15755557786964036,0.15741370556489834,0.16318986597968113,0.15487201877458695,0.14376820589523726,0.1557752497261354,0.1960799159685185,0.19540330521949226
203,0.1867353391527761,0.16873418714459884,0.15893926763044447,0.15559998867219763,0.15390265001909864,0.18425819906587165,0.16186644411070053,0.16378767816102574
204,0.17349190247015922,0.17371162830079148,0.16950010214383207,0.13663312151680274,0.13096320878100554,0.2063418264229211,0.16226311246597297,0.16284964049317252
205,0.16262976821400998,0.23260799486383246,0.15888105166628216,0.1491942157502402,0.15708852563293887,0.15976381066139955,0.18645102432514163,0.17797459423667789
206,0.18353463892192337,0.1730654450768398,0.15849240868028536,0.14618224223790693,0.16373970821557193,0.15092965684027346,0.16955851963374532,0.16970628324060505
207,0.1631892459943365,0.16728864463619783,0.16189637415945757,0.1431178854633468,0.1569505167234144,0.15645626494106524,0.19348609237740533,0.16569415975804308
208,0.16476694482596074,0.14977365958157793,0.14420227941715613,0.15421093257509627,0.13351145293574737,0.17165383315568566,0.17675563162831395,0.16646331817822485
209,0.15889436378118357,0.15246378530177246,0.16250850900343353,0.15102613825725184,0.14100021040253974,0.16041214198624923,0.16696744888446727,0.1650467490827002
210,0.22674976279980122,0.22062484900329105,0.18159242935218284,0.18658262551525767,0.18292457767864476,0.19199618097654242,0.2217937559501048,0.21886452454541983
211,0.17995292640301602,0.1603480607579791,0.16113220871899991,0.18273927284030564,0.19002483044662827,0.20800542356216337,0.22435517971605692,0.18457829932230077
212,0.1784744010403338,0.19904070974315943,0.1779796070007958,0.20695507459081233,0.20817247511289413,0.21610240930334387,0.23077690583656663,0.22381528553675534
213,0.19732466885350175,0.15652770313689535,0.19725885720052877,0.16921920449025435,0.17926648878333976,0.20700458779141312,0.17437210256096689,0.17077036610269483
214,0.20723324980953167,0.1537922258748593,0.16658424833409793,0.16072254026318786,0.17395109623469934,0.17337805164491768,0.17599732300097942,0.16864297032626233
215,0.1831006363216072,0.15632710789115603,0.15343950527735428,0.16649552441128712,0.17618409986669423,0.1934401014199785,0.20614783171959977,0.18173599818314568
216,0.16114927133291984,0.1889879054595822,0.1683764189690329,0.18964584779096566,0.17101143627155985,0.20640203893074552,0.1833843098808641,0.166465802751825
217,0.18333876074179223,0.13669630948442982,0.1524131903119614,0.15713997062697768,0.17696925248540513,0.15716305422524401,0.1726829784176769,0.19577015611586798
218,0.1526222666644259,0.1492188281769895,0.1671299578128375,0.15458684134050868,0.16984790997236224,0.17406596698953583,0.17723529741066538,0.16972130407066424
219,0.17532857443070965,0.18026672646463124,0.14948346531992185,0.16536812945842327,0.16419688779298663,0.16295110998392456,0.1708139137750808,0.1642514001307403
220,0.18042111639093145,0.13978637667481866,0.1589222305398208,0.1620101617353772,0.18204570877547102,0.1935573898450097,0.18704396420619315,0.1914887535114695
221,0.16248554182396946,0.13930865102723655,0.15939876478378992,0.14909730395095463,0.16596893792086856,0.1838244358856314,0.18128741926457517,0.16206688637008385
222,0.15626345912023912,0.1523440717456152,0.15675811548303606,0.1454310321774271,0.16337220499118368,0.17777635893585272,0.19345651700121363,0.16912055048844668
223,0.16345902681080027,0.15558729525487336,0.16220774116023903,0.140943003784715,0.15845562654452727,0.1654502916306773,0.16882234750494327,0.17546782529737737
224,0.17700354133626536,0.15581541027885312,0.15106067018501038,0.1350139916558862,0.15563513035465487,0.17405317170879958,0.17029387603149596,0.15911280881777734
225,0.19097461012638062,0.17099444316044746,0.16029661838463719,0.16207066157606273,0.1686597308836862,0.2386938148010682,0.1737921418025399,0.1694237700071674
226,0.168346583163802,0.13830409101302696,0.18320962832007667,0.15252915134973177,0.15413506257654294,0.18829732381605313,0.18091072338139658,0.17966239410011292
227,0.1737655197022596,0.13716055612065,0.17428613204552534,0.17136165156295863,0.15196702192094086,0.16672942756164208,0.1701888161832169,0.16405597941628844
228,0.1501376803213274,0.14418618589467988,0.15287490934822273,0.16103938056639056,0.14624339586964386,0.16444994171744837,0.16267758710255326,0.16263425316531366
229,0.1851682680775522,0.11969419464046546,0.1482781501381713,0.16708239492134552,0.1471631800718745,0.16570067227889185,0.1576003439868202,0.15357048934859294
230,0.20111727605230675,0.14605133629200695,0.16202474961732502,0.16371322539601477,0.1605948762324042,0.18762464938529969,0.18395977532376148,0.17571037520679889
231,0.15622286962025933,0.1369511092583161,0.14246058592370178,0.18012407142630155,0.16715065861564504,0.17716998737682862,0.1678779035169945,0.1730611676198136
232,0.1649818992645476,0.16225908437422,0.17766129272937872,0.1585496724613849,0.1565801689353356,0.17613381564658243,0.14408781714353042,0.16264661992610674
233,0.18975484093683165,0.15902416297049396,0.1509448570110923,0.16858324732055513,0.15702936105699808,0.15622965809212908,0.1481474581655491,0.16628785069642543
234,0.1685754345169067,0.18560093684081347,0.14452661622551108,0.17153848168577643,0.14281715250524454,0.15195454765496016,0.16403411386873112,0.15858565492522322
235,0.1710172365696603,0.12938799105318768,0.16619923784461815,0.16615959334465072,0.15546999532678096,0.176097861457271,0.16356480803377849,0.17377080045478732
236,0.18061533367435662,0.1576807149354622,0.15421871825350217,0.15987603379180243,0.16119285546790463,0.1732047008716767,0.1624781503876525,0.16078215813124097
237,0.17387517548885992,0.14734058521752666,0.16278787789926524,0.13241448466509398,0.15884118514231077,0.16271278677141787,0.15659472233306554,0.1659072615448769
238,0.1913057417129184,0.14499960462479786,0.15124766530942865,0.13526830308705906,0.1631557206659676,0.17514385401728647,0.16119844255890384,0.1556545696718585
239,0.1708668048048631,0.14751741694164183,0.13845781366085969,0.13380775187072252,0.1764239811707114,0.1569914419256069,0.1987297857140399,0.16238841493472148
240,0.16790025439287132,0.15766107399591006,0.19966033060388944,0.18375383391297395,0.18101697981884757,0.20261380972052323,0.21134310443132298,0.22262834725383887
241,0.16892552811932057,0.14267563946736703,0.15920141793661663,0.15784475011923005,0.17529990862492026,0.1734428141540192,0.1869134714029079,0.16940913382617764
242,0.15977754842982256,0.1375931341279178,0.16073872676744513,0.1524758453358195,0.1710841859892692,0.20045359515048297,0.16937785559655474,0.16644389496511927
243,0.15933643715238405,0.1362312732622748,0.16697337455396377,0.1647208972755671,0.1663885057609448,0.1638265280404161,0.16518086520477313,0.17495064340264346
244,0.1698137785415788,0.14041742917321964,0.1695376350477649,0.14745159613219777,0.15095770054065907,0.16358823257463978,0.16458740723095694,0.1580569576523047
245,0.1852640564671511,0.15189085464505087,0.17504270708199557,0.1530194874471101,0.18213720725278992,0.1788059524178503,0.17330375024637265,0.19676891326247647
246,0.1426357488032281,0.16145288502984742,0.22494812484666843,0.1476328052409959,0.17239963443094614,0.19682410132160116,0.16549632314900894,0.17088032495211317
247,0.15512254458845945,0.14059566253450761,0.18114076515795763,0.14996723427127182,0.1689412836286722,0.1585034257231854,0.17139660861119818,0.15940316026553744
248,0.16440835669969878,0.15077786931019382,0.15691342837051872,0.1499412503927676,0.17758759992091602,0.16177427132085592,0.15813400454079735,0.15174010694336995
249,0.1854352118056041,0.1399033334168578,0.16463149484514308,0.14700535374436252,0.16865264626975912,0.16779075211049446,0.17332536823348152,0.16938679069601004
250,0.16792144159248187,0.1403277978708909,0.18316137938193217,0.16267983597500768,0.17099049381307546,0.16963098109614452,0.1980602041545473,0.20122664740323282
251,0.1658724713616767,0.14558726184652848,0.16841225657047085,0.1590860939213365,0.15448903808722164,0.1901468218912821,0.1654856769914854,0.1632264232254695
252,0.14880310671648786,0.16777915865269763,0.15882551328117006,0.1486241344527688,0.1596546441068815,0.17162655310284622,0.1648081293307681,0.16051085119982803
253,0.17364798914071364,0.198314096866349,0.15144857870370537,0.1438925568628674,0.14552763888081277,0.15806150048684062,0.16233137359063057,0.17050649890636269
254,0.13239372085150447,0.18243216746783777,0.1419438224602098,0.1436517225905883,0.15068677758146215,0.16551821471620418,0.163117804896362,0.15905691758440263
255,0.17895469471932945,0.16556590399822535,0.16836069640628917,0.15210425400680805,0.19484082317303594,0.1722471122340558,0.17727642347530648,0.17213372465880483
256,0.19510288584028623,0.18244005982890715,0.1701263891855712,0.14012587998660983,0.18067812520594015,0.15802994723487312,0.19565498932657988,0.18714564762902786
257,0.1884786630509386,0.1572230436110342,0.18260377705250375,0.14735224018792636,0.1623127177005,0.1892399488937177,0.20425475428092443,0.18154047140410381
258,0.17953545392428344,0.16880483019686726,0.1472208655138815,0.1498504725090964,0.15683365035433575,0.15494026001239203,0.16948373535200775,0.17401001630140947
259,0.19669661605378239,0.14997165308018823,0.16223628424132577,0.15933772192766268,0.164230078088449,0.1530300068476075,0.17604960314320736,0.14852757284277904
260,0.19880249040517203,0.1520866846938845,0.18409975435404152,0.14572581054551192,0.16143889536334774,0.18752385000726804,0.17262564573424358,0.17801765495587166
261,0.16464786184290714,0.14862350959633108,0.1746193266435252,0.13922119739716973,0.1752854028596084,0.1727834316418766,0.17226378815090254,0.16602546550737973
262,0.18244045621486185,0.14211918968872064,0.16236714435527502,0.14807330713548708,0.16824207969500304,0.1696743001235326,0.16802115293980915,0.1638910433086938
263,0.2004734531541587,0.1554560251285903,0.17625893978889498,0.15016317196798587,0.15093549647867566,0.15849677424131736,0.15466679939018113,0.1755672410452982
264,0.17463139809317793,0.16028558293318654,0.17529507480169956,0.1512544668147008,0.14987193685082875,0.15423531701997611,0.16876056884876742,0.157234009704976
265,0.17479873823759412,0.15538138911125887,0.15908521583930518,0.15702152097929842,0.15693025223062848,0.16485872333225066,0.17669681972185064,0.18602857337224593
266,0.17602841115957302,0.15488297799413758,0.18046013724837517,0.15036231584186377,0.15989629027133215,0.1732277234062567,0.17947375928133139,0.17729037185884833
267,0.16247776981424805,0.22255690942365158,0.15991870151769857,0.15506996090413408,0.16085013127048853,0.16778902829043568,0.1825497493664229,0.1566628286285503
268,0.18581049695372592,0.1637356043597296,0.1487033320285071,0.1505858054466195,0.15562873922109058,0.1640221623600838,0.162220853758779,0.1579058469087869
269,0.18073599980093774,0.1510637794974209,0.18131328667948654,0.15661621018412616,0.1644247815491189,0.15448658177665328,0.15661525249627287,0.16278169288803146
270,0.22609588251587276,0.2807444469591203,0.2460825508322952,0.2689989329013866,0.2611495914483465,0.2760265369227777,0.27249322887063315,0.25953993735109404
271,0.2207239893905477,0.22737371901210338,0.21476785653220137,0.25822074956322993,0.2542703167561953,0.2475632356852016,0.22619642124131112,0.193563620004063
272,0.23691662381057021,0.23822292299985845,0.23801158350566937,0.2314728394186833,0.24317179609570314,0.20964142352954826,0.24114854531079374,0.2101546426973103
273,0.21446169873868207,0.192353257935073,0.19572320252156564,0.19701469711514144,0.22296080068594745,0.19740503006660007,0.19354453402243685,0.18492916522741737
274,0.18738752265772018,0.18981143982985954,0.18169752284289892,0.19252870349669388,0.24308352289578844,0.1954687108653457,0.19821584744695145,0.17497614464118524
275,0.2137621449653467,0.18927897141490452,0.18355198685136667,0.21107859832877832,0.22822944818419338,0.2031176582692359,0.20252346682468908,0.18867346421036146
276,0.21646785183959383,0.18212745005455175,0.21389442887357857,0.1958588650736608,0.21076044271719208,0.20733711192688917,0.2048741112681242,0.18652263085974954
277,0.189077448904087,0.2035111557435883,0.197695318803806,0.17560484035264837,0.2060141072210623,0.20289921783602144,0.2063617985597651,0.16294816466078824
278,0.19443133534069343,0.20290167264355224,0.18407030001127753,0.17267089341237304,0.1945547909409935,0.20294188361940618,0.18295031274183843,0.1664046888115311
279,0.19876561346652355,0.17962818490289353,0.17680451209329096,0.1735814555463093,0.19205275029882346,0.19345789309433878,0.19460334102746438,0.15556993945288708
280,0.20270422544442404,0.19892416521202355,0.18790419620505786,0.19060123441921148,0.19563160194121115,0.19798088994797558,0.17286006679439034,0.1775754336833761
281,0.22247368099568454,0.19206219021005227,0.1915216470260384,0.19425002876895064,0.19259740123497146,0.18782748791139217,0.1882476338878836,0.1714678686485775
282,0.18403974402489157,0.16879809894117456,0.17623851529849863,0.18309544358984695,0.18192974089366623,0.18242796423308288,0.18764637621919514,0.16402972662633428
283,0.18826513007301504,0.17172467111036635,0.17402558021789555,0.1636412329944406,0.1746644208761505,0.17660409848037295,0.1782446136950591,0.15717207473274722
284,0.17918761667163896,0.16275317875389456,0.15686043403884722,0.17150895534087063,0.1876528092011046,0.1812054265339365,0.18145074004473932,0.16859741383543114
285,0.209909915165883,0.21427945580129107,0.2030106287117705,0.19520641143629053,0.20981795287887325,0.20468547973425197,0.2172714323098033,0.20153815638472855
286,0.17889527476803893,0.18243541441392191,0.1864994879273485,0.16701534239884547,0.18652877819310648,0.20772291614060726,0.20073965428112722,0.18171956381767856
287,0.2076695289088415,0.17723814961812315,0.18807257305760042,0.16642548520858821,0.1835012316966152,0.18186331291346008,0.1679261287423607,0.16615021785987655
288,0.19810184961106228,0.1739659568917924,0.19287954521238143,0.1869231165717376,0.16692954131724655,0.1765775533850097,0.18594011043137773,0.16490171569612888
289,0.20120775685911996,0.19231980776180266,0.17567260338042695,0.1606612877543879,0.16312100484688655,0.17417261198978973,0.17973858719185207,0.15564649595339236
290,0.2091718494909337,0.17777370300215709,0.20642509850007143,0.19336826184720474,0.17668441040321817,0.17680991780451288,0.19253187617137238,0.19650021388288716
291,0.21894266322280648,0.1817721301080795,0.19565813590432993,0.1686899430884038,0.19128059087736948,0.17853957335914147,0.1990304243343023,0.16444335285091663
292,0.19521685107655493,0.1692444303870321,0.18240695589321687,0.17797146624295562,0.17988232841456514,0.18409562629921697,0.17605160337009795,0.18227790834993554
293,0.19780906938760157,0.18160589639466215,0.19760125769236997,0.14838848164272894,0.17393511888459587,0.17500905291353208,0.17593407772451514,0.15486550823102269
294,0.1937852075333823,0.1688459938385429,0.17434893797406728,0.15545009519289293,0.18469861704704418,0.176350121678348,0.1873484128192454,0.15252106708369442
295,0.20890967828348575,0.16785718421405288,0.16265825992823013,0.17156596736583882,0.18896262952733134,0.2057652783435679,0.17064536006510744,0.16638506090100583
296,0.19094635133536417,0.16982523522209694,0.18419859192737248,0.19245821261238139,0.1960575058579229,0.190671438377683,0.18261764036358158,0.17212923287166043
297,0.18906259323443952,0.1472436933543948,0.1788556729173527,0.146652907490596,0.1873925896970171,0.19482136532387412,0.18175601382237214,0.16301126153587148
298,0.18469280220354214,0.1517286061238063,0.18175386737540503,0.19234440563412905,0.18555733133445929,0.1785077424735562,0.188511059465771,0.16056980123489928
299,0.21017459689082313,0.16379806713549677,0.18889724098029048,0.16669474817065943,0.197675604376162,0.17217308997775604,0.17522205235726973,0.15115813729706218
300,0.23812418746994915,0.20092643602283555,0.21901688264710711,0.19440538118401657,0.20484957731637618,0.20742163605375566,0.22892587659204522,0.22345466102616007
301,0.21180142470446198,0.17645870239324996,0.19352348061587818,0.19095967647007545,0.22083938999806488,0.25144399903228487,0.2043329566669355,0.19458999581793326
302,0.20252092179145673,0.18209052527855424,0.20087139155632183,0.17017542875307134,0.21426801660438996,0.21514583801117007,0.19979396977086158,0.18330060953738556
303,0.19327256965625428,0.18821074404992852,0.19670554219539843,0.16765744299025076,0.20444680524875677,0.18469868223079525,0.20605531952396958,0.17177853490348388
304,0.18782075415330793,0.1932316276528174,0.18140538133020923,0.16275721168649657,0.19747531529554027,0.20970225580668317,0.20777554000710616,0.1515907572221117
305,0.18871530192840624,0.17746829817166118,0.2238997416601018,0.18214817114776458,0.20733576089178254,0.2364219387666089,0.1881195465102729,0.18069649603551252
306,0.1954874884867011,0.17333362485854026,0.18751279429681766,0.17563518277651996,0.20692941700134068,0.20211500571272611,0.2485137704204523,0.18920761210257367
307,0.22391807438294856,0.21902313019271893,0.2129152702512745,0.1842561999181654,0.1985506297444797,0.244026942490815,0.1797007798602877,0.18358469221907783
308,0.18231501771380926,0.2101289725312566,0.1844754342929266,0.17486197724438116,0.19366438669902394,0.21110196725821936,0.1754514310068682,0.1634718744532411
309,0.1782748810069179,0.17140860972979244,0.16681426734745106,0.15355845304128443,0.19251644975423848,0.18875961709624553,0.17863740378647544,0.16745593393957278
310,0.19565262702035624,0.1690939740517162,0.2167094006082501,0.187977412332925,0.2006184798544032,0.19622316615917892,0.19301221215797645,0.21861391262773197
311,0.19310010161900015,0.19312572724099164,0.18724407081466227,0.17972944309235137,0.1981279108938162,0.19075013703113408,0.19802819912539554,0.17288131245354746
312,0.179210439190958,0.20715077537591622,0.1872675463972795,0.1762332553199645,0.19852561505543206,0.20055598830524166,0.21158690804668456,0.16992876339776955
313,0.1955126481393929,0.19084453946899746,0.18184038448581324,0.1823658342876588,0.23863765384245714,0.21015152449175745,0.22413110884497223,0.1746799223236142
314,0.2168493720335604,0.18000326985076937,0.19926454518383402,0.15869086815609473,0.19550881660357222,0.17920791754292342,0.2133762246294589,0.16869861795354482
315,0.22112840483289567,0.195603501716684,0.20125539438106405,0.18322061396147182,0.20889854241802486,0.18905093675930754,0.18434431746483504,0.17851771104555633
316,0.2035830247478291,0.17229577608544638,0.18391708141389346,0.18390849876308238,0.2034602879204834,0.1858643794891905,0.18817047459012282,0.16787945446340696
317,0.2482719287645104,0.16061547649325714,0.18386404017870178,0.16884629200088436,0.20539194330572214,0.19898087523039007,0.2032634110691706,0.17104101241917916
318,0.21008913731321915,0.1948201346393055,0.20433424881131004,0.19044948642186724,0.19388845397060286,0.18756197328454985,0.18207741625135637,0.17245780717471149
319,0.20485168537771725,0.1639524821712859,0.20172335783117212,0.163590522835623,0.20207303140722488,0.19051353276676725,0.1869442081909233,0.15408302063508478
320,0.18484147712983082,0.19857902621342646,0.1921520088209045,0.18474876397480733,0.21636331086949132,0.2149085630454374,0.20495733161585938,0.19404807419943512
321,0.21602421197270918,0.17489364698208104,0.2023749048120649,0.21177962903275602,0.2091939042395692,0.18813616997089655,0.20720105773657282,0.21035590528518008
322,0.194904178572636,0.20917629726758782,0.1920886212387413,0.18549829149753264,0.20616862650432247,0.21108352240182796,0.2146951567662962,0.17363100037328238
323,0.24300719024606088,0.1799504452386787,0.19647229595020338,0.1563544161206461,0.19856604857111748,0.24018342132606282,0.17393488823294076,0.17279318269910393
324,0.21346928635971027,0.19237639436210455,0.1919887778882251,0.20185056304276286,0.17680633651302105,0.17553722815763356,0.18165976604083148,0.1850739484852079
325,0.21468238293531872,0.20787791198322936,0.20201082591968106,0.17950996335572114,0.21168634336636497,0.23079772717936664,0.18527432611468117,0.19740159325787
326,0.20680215124701418,0.17429348607979608,0.182967106701548,0.17764786485484768,0.2126906709596166,0.20306751543874663,0.19339551756062148,0.18626953010151354
327,0.21622210917631093,0.2071250806180224,0.2005917238036068,0.18536573440204804,0.18947623801448155,0.19586003724089932,0.18956279434964962,0.20089842836398528
328,0.20734567785742694,0.19215076673028397,0.20450167880541556,0.17150817595427,0.1911465198234352,0.21496138039206084,0.17324705876598054,0.18463235112800375
329,0.2011821242446214,0.19399771504852548,0.2148180062933562,0.1910463780138062,0.19434340447050658,0.1984724913031248,0.17935525199768582,0.18169733744837105
330,0.25284001296481906,0.2330428574085215,0.25951868488571933,0.22638501047875192,0.25077082676610235,0.2594705179737009,0.2631472933986238,0.26173141475370065
331,0.23398514460051156,0.24748293733517507,0.22900007564495095,0.22902097128750049,0.23208145636676222,0.24800437573554943,0.23146256747396052,0.22890909188655087
332,0.23687445414654612,0.2161309109717186,0.22336855646073386,0.20024666271079047,0.23948149262917345,0.22215657195499994,0.23462428008204908,0.21308255312410163
333,0.23187790187228757,0.21788148971750085,0.22966215075122914,0.20840709188478335,0.2404125927590358,0.22969855065424175,0.24288861659691555,0.19413925506770527
334,0.2046525138054322,0.22043434407490028,0.20998707716201628,0.18044715644656828,0.23935170045629553,0.21007045527194326,0.24127787967493056,0.1822467637384091
335,0.20925149683365363,0.2025136942584864,0.22751327243198669,0.19973855993992082,0.24851199172773716,0.23482538610064804,0.25556051599141527,0.19818846298455367
336,0.24716194868160693,0.21861834945702827,0.23301778605307108,0.20256553363668006,0.22581334763061164,0.21470257944189927,0.22098482167419775,0.21022230500347153
337,0.2486416504832879,0.17829924175663486,0.20171534729774374,0.17900289463960503,0.2229760080387927,0.21958496688098203,0.21746174902745657,0.19108513251712575
338,0.2534999474756366,0.1689236161557339,0.21127427257358725,0.19664926207745084,0.24216247569564717,0.22592914178303808,0.23087397168149132,0.2029197945619579
339,0.2236934655678284,0.21705854635936037,0.23706596501406102,0.19394651716759687,0.22704880868665295,0.22116082447692517,0.20681781686104506,0.17861831213644358
340,0.23366466428545243,0.22230174043942066,0.2503389914229293,0.22008439497921203,0.22678118553416565,0.23576335452292202,0.21907308078604829,0.23035161733688772
341,0.23430154418703736,0.1962468598505639,0.2548294357796398,0.2152645086288601,0.2356826451660457,0.22314755782508677,0.19552558358652336,0.20587881958733106
342,0.25157059679262234,0.22753293317409107,0.2404699382219361,0.21398542656131303,0.23040911836129208,0.2331513602944493,0.228578354274563,0.20282565168380776
343,0.2419879740202935,0.21344841662309696,0.2377357934866163,0.1949042485676957,0.24176920458122447,0.20576894951023134,0.23315769229848599,0.19772248212595878
344,0.22313904262416467,0.2068601870024905,0.23014730565212532,0.1996152806198412,0.21779063971064827,0.20692577096729492,0.20635267221128326,0.196644636460441
345,0.2238776595168862,0.19365345002060413,0.31240232731070167,0.21752893013295577,0.25556358046422667,0.23503227810091704,0.23738295056825875,0.22093406202269272
346,0.22115974600850552,0.18264862294729847,0.23227146964609158,0.19380964620529592,0.2390692391088946,0.2139761294432896,0.2282255250429793,0.19828187391042382
347,0.23242243030004173,0.1912294056588775,0.2374996567471037,0.18259765228274952,0.23735988406928377,0.2145270511130327,0.2045401876499471,0.21807217784697397
348,0.20854247523004604,0.1966249241760148,0.24108425434111705,0.19727931619496353,0.23281374070948463,0.2227920554288996,0.23898347820845073,0.20734155323876202
349,0.21968603807476575,0.20235206913515255,0.25202053916566386,0.1891662156152574,0.21886966294662166,0.20797770637960677,0.21450881008034894,0.19392207426650543
350,0.24096430022608864,0.23950359283734526,0.25163947987100377,0.23471053059369051,0.2487594653869402,0.23665347067353004,0.223606587235897,0.20529032886396265
351,0.2322633870727547,0.21151599731069,0.2656930811155613,0.20604211251506221,0.24659221772642612,0.23587918295613552,0.21480299336794154,0.21703099733836384
352,0.21264364727209403,0.2441008552066271,0.27772898270091173,0.1930487292129126,0.2201555542515996,0.22154483257112595,0.24024139548024523,0.18682593059747096
353,0.2232875517644181,0.25512145181867246,0.2261546435160747,0.20856100678588535,0.2394335553033263,0.23224342958613323,0.22257624964041234,0.20639461285838692
354,0.25053377251005027,0.21646752833094982,0.22182036159172394,0.21201882348251452,0.2215187036965685,0.21323691211358775,0.22553435125001214,0.18444163697728144
355,0.24878540292665943,0.22098693421134785,0.2637865573608908,0.23208697274219672,0.23425293131632782,0.2878744371920616,0.225548182355563,0.19837309722076268
356,0.22699082586935393,0.17909432876485756,0.23523805784008547,0.21068168313259422,0.23281375840090682,0.2343398843134665,0.21133784660405797,0.21240656933833896
357,0.2520261489953277,0.22055049575610697,0.23750789034925948,0.19877970337943052,0.23772853308526057,0.21562660897412803,0.226461557809705,0.1909220925123752
358,0.23104020276442933,0.2222102530684992,0.249500384891354,0.187579243986299,0.24143630802085614,0.20992878877804924,0.22872868122855697,0.19597186931741328
359,0.23833960313206912,0.21512964552128072,0.24272885670456343,0.19529335023364158,0.2417541140044547,0.21356354908663364,0.23164610078356204,0.20013001722307455
360,0.3186068040131098,0.30259782748035713,0.2991924957141104,0.2884208019755371,0.2991162731263607,0.2846640889332873,0.28610323092960693,0.2885575986536981
361,0.29428540287635613,0.2683386851200276,0.31116461300289355,0.27816584775995523,0.29060053631169636,0.24487086061820715,0.2863957991429939,0.24633323756981468
362,0.2451806321603702,0.27429291499428576,0.2702031209362414,0.2526674235696398,0.2733974361500016,0.278067030212368,0.2589628431174649,0.23279821663526912
363,0.29420693138762855,0.24707765589394023,0.3100544109975495,0.22416417085004178,0.28041360965537154,0.23758999144089166,0.28121850478718136,0.218630884754199
364,0.24021137566675094,0.25476413856445856,0.29212520573250433,0.2698799948532872,0.25342082285225487,0.2533739370688099,0.28338126028102845,0.22091735611111007
365,0.2705422282305669,0.25941648721485944,0.3162741013379117,0.2740489080202616,0.2868801848105401,0.2631895044856369,0.3163142514693168,0.26470922560213866
366,0.28067794289716735,0.2567712608318327,0.2860740660473346,0.2671585199199619,0.27665849319129465,0.2534698536056838,0.2833933026202583,0.25490295335450674
367,0.26353145448567544,0.26465140361152006,0.27558025471201697,0.26889265378034144,0.2831794839366595,0.2559435972064368,0.2914433996845677,0.24507213461590072
368,0.269263566509422,0.24035479418471575,0.29440684535282835,0.27295381886285414,0.29779115564673286,0.2415254454592978,0.2910851501926749,0.22911115569901602
369,0.2547192325510335,0.2825093030744373,0.30512041608527796,0.2796698631871991,0.2815803925681684,0.2774752222516519,0.27973961144021275,0.2246246965332212
370,0.33942074090601293,0.32174019045488705,0.3294490323056323,0.27562839399806927,0.3206574734088192,0.30067166120166205,0.2834046857457931,0.2678831973796093
371,0.2847865239555193,0.29843061825203415,0.3051940956399778,0.2867115004373203,0.3099079845604146,0.28715229107884516,0.2786612514634366,0.27178150866573597
372,0.3052256055239744,0.3102281513743374,0.3210962189673775,0.2924807841851385,0.30817290502464567,0.2982561134171124,0.27329513581258685,0.2503994570760088
373,0.3325263030754759,0.3080895507280902,0.311210739322386,0.31203735834362245,0.30967043799611943,0.31668149350891167,0.2657858285652998,0.25233172470214105
374,0.31847866029840455,0.3183979231847013,0.3371135193762851,0.3239448835173438,0.31853449266921,0.29323366453175603,0.3128719397171804,0.2539331109035278
375,0.5682906996163527,0.4262556886235433,0.38569151635310095,0.3630820442217998,0.3642719246291231,0.3722408441007333,0.3077141533898687,0.3511408272573772
376,0.389623309585257,0.3899780150090191,0.3512816108163829,0.36870914246382247,0.36081986847388153,0.35170189695043524,0.3419469956392405,0.3265716216115869
377,0.3520256460981107,0.3690874190319798,0.378365149291639,0.38001626605934813,0.33886034124702924,0.3499639761816165,0.34990975571051486,0.30082928639000445
378,0.3921834134558011,0.3785680340939879,0.37836924829467855,0.37926843793338033,0.35715056872005563,0.33713950083536137,0.35020612049967914,0.2940428604342558
379,0.49292601566424943,0.45237506740345457,0.47071981785137496,0.42270667279531454,0.3869240200549719,0.34756253775605883,0.3654121422503769,0.33621256382817283
380,1.0870449711957553,0.6325250418551952,0.9468785739332894,0.889194472511943,0.759181411332432,0.7303553580444391,0.6887032507900822,0.6759371925453992
381,0.48375953131279886,0.5090882865843649,0.4978855880311051,0.5047242084287712,0.4993926894741025,0.4738752600747716,0.5234970211188301,0.4548327974995039
382,0.4691641926193331,0.4852011742461453,0.5020932298392626,0.45770472216437286,0.49503123519455144,0.4579468016394097,0.5062602667480207,0.41531397982489915
383,0.47869547409396573,0.5413002574137897,0.4662952427929065,0.4882943639435056,0.47266674421159344,0.4732035830798649,0.5069055474227774,0.45856247184994176
384,0.5130533552068025,0.9285904077756163,0.6475309050893099,0.7594251695930209,0.7047928892472143,0.6381698951354624,0.731020010372781,0.6610706015971378
385,0.8025375879980962,1.6440163029731854,0.6679503241095328,0.7662609434890838,0.6909946279604348,0.8124898301989456,0.9221524129262076,0.7302990897166671
386,0.6412489049858328,0.6458503581159202,0.6474158874140152,0.7147672655421834,0.6080781382310967,0.6705393914059459,0.7320357368610001,0.5513692462196699
387,0.7227961486004313,0.7502854731028525,0.68000781841223,0.7204488552127534,0.682314815025988,0.7173592423170019,0.8189284761098578,0.666311534810883
388,0.9883555986185014,1.001153521352688,0.89657071265286,0.9600699461887315,0.8325358539884296,0.9453578328993404,1.1984956195131147,0.8949833235900561
389,2.4532497829842557,2.434959675825045,2.047947191800943,2.0443855806377162,1.9360021857509817,2.2111491679195803,2.730280453250488,2.2967036699399745
