date,year,r_qqq,r_tqqq,net_tqqq,net_qqq
2018-01-03,2018,0.002443149783875276,0.0073473708773394986,0.006547370877339498,0.0023931497838752757
2018-01-04,2018,-0.00043619142572282055,-0.0013080035712799143,-0.0021080035712799142,-0.00048619142572282057
2018-01-08,2018,6.16067028094136e-05,0.00018483149481962613,-0.0006151685051803739,1.1606702809413602e-05
2018-01-26,2018,0.005435909275086415,0.016396535780479393,0.015596535780479393,0.005385909275086415
2018-02-01,2018,-0.002537322239924533,-0.007592669042617017,-0.008392669042617018,-0.0025873222399245333
2018-02-13,2018,0.0,0.0,-0.0008,-5e-05
2018-02-14,2018,0.010523374930154539,0.031903514423707646,0.031103514423707648,0.010473374930154539
2018-02-16,2018,-0.0007226738934056343,-0.00216645528497017,-0.00296645528497017,-0.0007726738934056343
2018-02-20,2018,0.0014503263234229014,0.004357292360285703,0.003557292360285703,0.0014003263234229014
2018-02-21,2018,-0.001439971200575818,-0.0043136960363567844,-0.005113696036356785,-0.001489971200575818
2018-03-07,2018,0.0,0.0,-0.0008,-5e-05
2018-03-09,2018,0.006635236598568017,0.020038081015207432,0.019238081015207433,0.006585236598568018
2018-03-23,2018,-0.00024621445278849574,-0.0007384615086211133,-0.0015384615086211132,-0.00029621445278849576
2018-04-04,2018,0.026457399103138934,0.08149069923108776,0.08069069923108776,0.026407399103138933
2018-04-09,2018,0.0016315261044175244,0.00490256828846336,0.00410256828846336,0.0015815261044175245
2018-04-12,2018,-0.000246776482201172,-0.0007401467657354166,-0.0015401467657354165,-0.000296776482201172
2018-04-17,2018,0.0038717483363579497,0.011660274353806566,0.010860274353806565,0.0038217483363579496
2018-04-26,2018,-0.0037108769707268063,-0.011091370189536542,-0.011891370189536543,-0.0037608769707268065
2018-05-10,2018,0.0003551136363637575,0.0010657192709573327,0.0002657192709573326,0.00030511363636375746
2018-05-14,2018,0.0001174053419430443,0.000352257379490295,-0.00044774262050970503,6.740534194304431e-05
2018-05-16,2018,-0.0005932957579354303,-0.0017788314830771146,-0.0025788314830771145,-0.0006432957579354303
2018-05-17,2018,-0.0027132240179307265,-0.008117607273705807,-0.008917607273705807,-0.0027632240179307267
2018-06-01,2018,0.0017401647905304074,0.005229584161606793,0.0044295841616067925,0.0016901647905304075
2018-06-05,2018,-0.00045782305139074886,-0.0013728404442936437,-0.0021728404442936436,-0.0005078230513907489
2018-06-12,2018,0.0001712328767122795,0.0005137865972517641,-0.0002862134027482359,0.0001212328767122795
2018-06-29,2018,-0.0003478664192949621,-0.0010432362668435502,-0.0018432362668435501,-0.0003978664192949621
2018-07-06,2018,0.0067986230636833955,0.02053484725876631,0.01973484725876631,0.006748623063683396
2018-07-11,2018,-5.665080444150483e-05,-0.00016994278556536901,-0.000969942785565369,-0.00010665080444150483
2018-07-12,2018,0.0065656565656566634,0.01982657626669737,0.019026576266697372,0.006515656565656664
2018-07-17,2018,0.007203886748199162,0.021767722050233473,0.020967722050233475,0.007153886748199162
2018-07-20,2018,-0.0017222222222221806,-0.005157773626714546,-0.005957773626714546,-0.0017722222222221805
2018-08-02,2018,0.01208461767726754,0.03669373179822766,0.035893731798227656,0.01203461767726754
2018-08-13,2018,0.00016531202644998189,0.0004960180680657622,-0.00030398193193423783,0.00011531202644998189
2018-08-21,2018,-0.00016605778811029648,-0.0004980906433429411,-0.001298090643342941,-0.00021605778811029647
2018-08-24,2018,-0.0008229098090849485,-0.0024666984428517447,-0.0032666984428517446,-0.0008729098090849485
2018-08-29,2018,0.0035474334856220313,0.010680097951782486,0.009880097951782485,0.003497433485622031
2018-08-31,2018,0.00010173430212945256,0.00030523395704595835,-0.0004947660429540417,5.1734302129452556e-05
2018-09-20,2018,-0.00016269862790807554,-0.00048801647550045235,-0.0012880164755004523,-0.00021269862790807554
2018-09-27,2018,-0.001931537718639298,-0.005783427848296552,-0.006583427848296552,-0.001981537718639298
2018-09-28,2018,-0.0021526955773163436,-0.0064441944130060325,-0.007244194413006033,-0.0022026955773163438
2018-10-02,2018,-0.0008309878032435325,-0.0024908923613741196,-0.0032908923613741196,-0.0008809878032435325
2018-10-09,2018,0.0003336855569768815,0.0010013907462380622,0.0002013907462380622,0.0002836855569768815
2018-10-12,2018,-0.0006793008957560742,-0.002036518651610475,-0.002836518651610475,-0.0007293008957560742
2018-11-07,2018,0.008941920644048418,0.027066350744155976,0.026266350744155977,0.008891920644048418
2018-11-26,2018,-0.00043271311120740563,-0.0012975776927338645,-0.0020975776927338644,-0.00048271311120740565
2018-11-30,2018,-0.0004753416518122888,-0.001425347213782291,-0.002225347213782291,-0.0005253416518122888
2018-12-12,2018,-0.0007796569509415097,-0.0023371477318672174,-0.0031371477318672173,-0.0008296569509415097
2018-12-14,2018,-0.0001225640397107819,-0.00036764705514202856,-0.0011676470551420285,-0.0001725640397107819
2018-12-18,2018,0.0001259683819361257,0.00037795275190699584,-0.0004220472480930042,7.59683819361257e-05
2019-01-04,2019,0.00832150690233524,0.02517283938174142,0.02437283938174142,0.008271506902335241
2019-01-07,2019,0.004828155771551934,0.014554513128683721,0.013754513128683721,0.004778155771551934
2019-01-15,2019,0.0009287484510533961,0.0027888338753301323,0.0019888338753301323,0.0008787484510533961
2019-01-17,2019,0.005842299131373796,0.017629494183579064,0.016829494183579066,0.005792299131373796
2019-01-25,2019,-0.0009264697867907845,-0.0027768351168067085,-0.0035768351168067084,-0.0009764697867907845
2019-02-04,2019,0.002961909839464427,0.008912074232652722,0.008112074232652722,0.002911909839464427
2019-02-20,2019,-0.00028931836592982485,-0.0008677040066562558,-0.0016677040066562557,-0.00033931836592982487
2019-02-22,2019,-0.002489429481610239,-0.007449712095038641,-0.008249712095038641,-0.0025394294816102393
2019-03-13,2019,0.0003386195609234033,0.0010162027112186056,0.00021620271121860558,0.00028861956092340326
2019-03-15,2019,0.0011235955056179137,0.003374575335936658,0.0025745753359366582,0.0010735955056179137
2019-03-18,2019,-0.0005146152984657482,-0.0015430515449660342,-0.002343051544966034,-0.0005646152984657482
2019-03-21,2019,0.00739581608434059,0.022351947076736822,0.021551947076736824,0.00734581608434059
2019-03-26,2019,-0.0004440990340844886,-0.0013317055179842274,-0.0021317055179842274,-0.0004940990340844886
2019-04-10,2019,-0.001296246286794589,-0.003883700275099211,-0.0046837002750992115,-0.0013462462867945889
2019-04-22,2019,0.0014926964495147743,0.004484777102556237,0.0036847771025562367,0.0014426964495147744
2019-05-03,2019,0.003232866620245467,0.009729987928557504,0.008929987928557504,0.003182866620245467
2019-05-15,2019,0.005604087687489656,0.01690665645974665,0.01610665645974665,0.0055540876874896564
2019-06-07,2019,-0.0023687544758442813,-0.0070894437253083975,-0.007889443725308398,-0.0024187544758442815
2019-06-14,2019,-0.0002743634767340408,-0.0008228646249027749,-0.0016228646249027748,-0.00032436347673404085
2019-06-17,2019,-0.0021179537308568808,-0.006340413509116849,-0.007140413509116849,-0.002167953730856881
2019-06-18,2019,-0.003518498773856571,-0.010518400379134207,-0.011318400379134208,-0.003568498773856571
2019-06-21,2019,-0.001955912671142257,-0.005856268712823853,-0.006656268712823854,-0.002005912671142257
2019-06-27,2019,-0.0001430484864720638,-0.00042908407373487556,-0.0012290840737348755,-0.0001930484864720638
2019-07-02,2019,-0.0012402037100562868,-0.0037159987220053425,-0.004515998722005343,-0.0012902037100562867
2019-07-09,2019,0.004633529907329459,0.013965098000225717,0.013165098000225717,0.004583529907329459
2019-07-24,2019,0.006424148606811064,0.019396519998991835,0.018596519998991836,0.0063741486068110646
2019-07-30,2019,-0.0009801392829507094,-0.002937536771403515,-0.003737536771403515,-0.0010301392829507093
2019-08-13,2019,-0.0014097619364276115,-0.004223326324931942,-0.005023326324931942,-0.0014597619364276114
2019-08-16,2019,-0.00441097364174281,-0.013174636682763974,-0.013974636682763974,-0.00446097364174281
2019-09-05,2019,-0.0016678828312312044,-0.004995307634049206,-0.005795307634049207,-0.0017178828312312043
2019-09-11,2019,0.0,0.0,-0.0008,-5e-05
2019-09-19,2019,-5.1636889393691376e-05,-0.00015490266921369678,-0.0009549026692136968,-0.00010163688939369137
2019-10-04,2019,0.006780329266343532,0.02047921810507236,0.019679218105072362,0.0067303292663435325
2019-10-09,2019,-0.00017132455295010285,-0.0005138856075717069,-0.0013138856075717068,-0.00022132455295010284
2019-10-10,2019,-0.002909283258397344,-0.00870248261192641,-0.00950248261192641,-0.002959283258397344
2019-10-11,2019,-0.0010678751888316684,-0.003200205711997639,-0.004000205711997639,-0.0011178751888316683
2019-10-14,2019,-0.0018597004018998664,-0.005568732180692204,-0.0063687321806922045,-0.0019097004018998663
2019-10-15,2019,-7.751337105643685e-05,-0.00023252208866697543,-0.0010325220886669754,-0.00012751337105643685
2019-10-23,2019,-0.0008599348534201745,-0.002577586732315562,-0.003377586732315562,-0.0009099348534201745
2019-10-25,2019,0.0033851361747960773,0.010189824755926669,0.009389824755926668,0.003335136174796077
2019-11-01,2019,-0.0004038926986688063,-0.0012111887739570948,-0.0020111887739570947,-0.0004538926986688063
2019-11-07,2019,-0.0010210061081591393,-0.0030598920284100606,-0.0038598920284100605,-0.0010710061081591392
2019-11-12,2019,-0.0015348814180323744,-0.004597580287162062,-0.005397580287162062,-0.0015848814180323743
2019-11-13,2019,-0.0016873449131513674,-0.005053498144981461,-0.005853498144981461,-0.0017373449131513673
2019-11-15,2019,-0.0007896165424665647,-0.0023669796368687157,-0.0031669796368687156,-0.0008396165424665647
2019-11-20,2019,-0.0019817073170732558,-0.005933348242037506,-0.0067333482420375065,-0.002031707317073256
2019-11-25,2019,0.0008824827180466954,0.0026497851686391183,0.0018497851686391184,0.0008324827180466954
2019-12-06,2019,0.0013191967557533157,0.00396281340327298,0.00316281340327298,0.0012691967557533158
2019-12-10,2019,4.896440287915915e-05,0.0001469004012930597,-0.0006530995987069403,-1.03559712084085e-06
2019-12-16,2019,-0.0008118433619866972,-0.0024335533521044894,-0.0032335533521044893,-0.0008618433619866972
2019-12-19,2019,0.0035467745774815373,0.010678107179195706,0.009878107179195706,0.0034967745774815372
2019-12-26,2019,0.002958024227627032,0.008900348287312676,0.008100348287312676,0.0029080242276270317
2020-01-06,2020,0.004288244616388548,0.01291997983154558,0.01211997983154558,0.004238244616388548
2020-01-15,2020,-0.000498368974265917,-0.001494361931674959,-0.002294361931674959,-0.000548368974265917
2020-01-21,2020,0.0003137887753272839,0.0009416617470652255,0.0001416617470652255,0.00026378877532728386
2020-01-28,2020,0.003133234929230566,0.009429187030528974,0.008629187030528973,0.003083234929230566
2020-02-13,2020,-0.00038454964963252625,-0.001153205370465038,-0.001953205370465038,-0.00043454964963252627
2020-02-18,2020,-0.0003834987901424336,-0.0011500552128628216,-0.0019500552128628216,-0.0004334987901424336
2020-02-19,2020,4.222259753405844e-05,0.0001266731409206301,-0.00067332685907937,-7.777402465941565e-06
2020-03-05,2020,-0.002746485429662049,-0.008216847459580179,-0.00901684745958018,-0.002796485429662049
2020-03-06,2020,-0.0004847309743093442,-0.0014534881444701053,-0.0022534881444701053,-0.0005347309743093442
2020-03-20,2020,-0.0015479020399136179,-0.004636521826339779,-0.005436521826339779,-0.0015979020399136178
2020-03-26,2020,0.0022474315068494732,0.006757458717342901,0.005957458717342901,0.002197431506849473
2020-03-30,2020,0.013820023209199173,0.042035688280372296,0.041235688280372294,0.013770023209199173
2020-03-31,2020,-0.002155629190424224,-0.006452957376295254,-0.0072529573762952545,-0.0022056291904242243
2020-04-01,2020,-0.004871781144600851,-0.014544256307318926,-0.015344256307318926,-0.0049217811446008505
2020-04-02,2020,-0.004437949883639214,-0.013254850860602962,-0.014054850860602963,-0.004487949883639214
2020-04-14,2020,-0.000550397243227807,-0.0016502830850431138,-0.0024502830850431138,-0.000600397243227807
2020-04-20,2020,-0.003438981317966383,-0.010281504847813872,-0.011081504847813872,-0.003488981317966383
2020-04-23,2020,-0.002851666588752244,-0.008530626949015852,-0.009330626949015852,-0.0029016665887522442
2020-04-24,2020,-0.000807332478510614,-0.00242004260454709,-0.00322004260454709,-0.000857332478510614
2020-05-04,2020,-0.0014538291985179974,-0.004355149810380099,-0.005155149810380099,-0.0015038291985179973
2020-05-05,2020,-8.865329251028786e-05,-0.00026593630000881774,-0.0010659363000088177,-0.00013865329251028786
2020-05-08,2020,-0.0001424743188923605,-0.0004273620627744945,-0.0012273620627744944,-0.0001924743188923605
2020-05-11,2020,0.008233548548022052,0.024904577772282277,0.02410457777228228,0.008183548548022052
2020-05-19,2020,-0.0020067181433494063,-0.00600808175781653,-0.0068080817578165306,-0.0020567181433494065
2020-05-20,2020,-8.662883874044347e-05,-0.00025986400320432423,-0.0010598640032043242,-0.00013662883874044347
2020-05-28,2020,-0.0012943866764465461,-0.0038781358873982708,-0.004678135887398271,-0.001344386676446546
2020-06-01,2020,-8.577064928383393e-05,-0.00025728987866968644,-0.0010572898786696864,-0.00013577064928383393
2020-06-03,2020,-0.0008037225042301088,-0.0024092301222794488,-0.0032092301222794487,-0.0008537225042301088
2020-06-05,2020,0.00142474019443517,0.004280313129228608,0.003480313129228608,0.0013747401944351702
2020-06-09,2020,0.00012331976815893597,0.00037000492964778253,-0.0004299950703522175,7.331976815893598e-05
2020-06-15,2020,0.018289816674501136,0.05587912046727439,0.05507912046727439,0.018239816674501134
2020-06-22,2020,0.009490693393332084,0.028743154820958905,0.027943154820958906,0.009440693393332084
2020-06-23,2020,0.0027310333748342686,0.008215496123916921,0.007415496123916921,0.0026810333748342684
2020-06-30,2020,-0.00216904276985741,-0.006493024274756287,-0.0072930242747562875,-0.00221904276985741
2020-07-06,2020,-0.0021323614934285473,-0.006383453279443896,-0.007183453279443896,-0.0021823614934285474
2020-07-07,2020,-0.0029982702287141283,-0.008967868766372344,-0.009767868766372345,-0.0030482702287141284
2020-07-08,2020,-0.0010847026399968263,-0.003250579456778091,-0.004050579456778091,-0.0011347026399968262
2020-07-13,2020,-0.002713754646840205,-0.008119190533020015,-0.008919190533020016,-0.0027637546468402053
2020-07-20,2020,0.017759823163992605,0.05423130509767282,0.05343130509767282,0.017709823163992604
2020-07-27,2020,-0.0009280742459396585,-0.002781639571771577,-0.003581639571771577,-0.0009780742459396584
2020-08-06,2020,0.012207265351281693,0.03707066712997187,0.036270667129971866,0.012157265351281693
2020-08-12,2020,0.0039120165338057955,0.011782021090505301,0.010982021090505301,0.0038620165338057954
2020-08-20,2020,0.008151440447699443,0.02465420091767556,0.023854200917675563,0.008101440447699443
2020-08-26,2020,0.010833261226961932,0.03285313371397036,0.03205313371397036,0.010783261226961932
2020-08-31,2020,-0.0005270495426569211,-0.0015803154307140188,-0.0023803154307140187,-0.0005770495426569211
2020-09-09,2020,0.0027345998848589126,0.008226254213605344,0.007426254213605344,0.0026845998848589125
2020-09-25,2020,0.015581795082579841,0.047477545402184296,0.046677545402184294,0.015531795082579842
2020-09-30,2020,7.17077193359561e-05,0.00021513858436761346,-0.0005848614156323866,2.1707719335956097e-05
2020-10-05,2020,-0.0009340422474493071,-0.0027995102524789317,-0.0035995102524789316,-0.000984042247449307
2020-10-09,2020,0.004181672591669905,0.012597550054341156,0.011797550054341155,0.004131672591669905
2020-10-12,2020,0.007707063095156563,0.023299843540593335,0.022499843540593336,0.007657063095156564
2020-11-03,2020,-0.00719486363164723,-0.021429665156669442,-0.02222966515666944,-0.00724486363164723
2020-11-04,2020,-0.0048864466316557165,-0.01458782448836382,-0.015387824488363821,-0.004936446631655716
2020-11-06,2020,0.009362590716144092,0.028351567170145753,0.027551567170145754,0.009312590716144093
2020-11-11,2020,0.00709269174605387,0.021429350873685138,0.02062935087368514,0.00704269174605387
2020-11-16,2020,-0.004977838390726297,-0.014859301892281795,-0.015659301892281794,-0.0050278383907262966
2020-11-19,2020,0.004121869955002966,0.012416649330582175,0.011616649330582174,0.004071869955002966
2020-12-01,2020,0.002409963652139746,0.007247328727720825,0.006447328727720825,0.002359963652139746
2020-12-07,2020,-0.0007296321872028999,-0.0021872998606521366,-0.0029872998606521365,-0.0007796321872028999
2020-12-14,2020,-0.000208910680025709,-0.0006266011181780273,-0.0014266011181780273,-0.00025891068002570903
2021-01-06,2021,-0.003190152418393377,-0.009539958504234725,-0.010339958504234725,-0.0032401524183933773
2021-01-07,2021,0.003212979163352836,0.009669940363710161,0.00886994036371016,0.003162979163352836
2021-01-13,2021,-0.0005690080293353494,-0.0017060529618214693,-0.002506052961821469,-0.0006190080293353495
2021-01-14,2021,-0.0001486977580734683,-0.00044602694443851565,-0.0012460269444385156,-0.0001986977580734683
2021-01-20,2021,0.005164712451144693,0.015574297882398502,0.014774297882398502,0.005114712451144693
2021-01-26,2021,-0.00021296662508740738,-0.0006387638205710422,-0.0014387638205710421,-0.0002629666250874074
2021-01-29,2021,-6.305091125824447e-05,-0.00018914080777310271,-0.0009891408077731026,-0.00011305091125824446
2021-02-08,2021,-0.0005723723723723984,-0.0017161344742342433,-0.002516134474234243,-0.0006223723723723984
2021-02-09,2021,-0.0007188211333413186,-0.002154913659976332,-0.002954913659976332,-0.0007688211333413186
2021-02-11,2021,-0.00017950098725538766,-0.0005384063057365385,-0.0013384063057365384,-0.00022950098725538765
2021-03-01,2021,0.0055984075640707065,0.016889424660198715,0.016089424660198717,0.005548407564070707
2021-03-08,2021,-0.0018513105329824864,-0.005543655891969257,-0.006343655891969257,-0.0019013105329824863
2021-03-15,2021,-0.0007604803701003471,-0.0022797065589300614,-0.0030797065589300613,-0.0008104803701003471
2021-03-16,2021,-0.0025331315065953985,-0.007580160508581901,-0.008380160508581902,-0.0025831315065953987
2021-03-22,2021,0.001225220696804863,0.0036801674269415496,0.0028801674269415497,0.001175220696804863
2021-03-31,2021,-0.001532878683601302,-0.004591590501459186,-0.005391590501459187,-0.0015828786836013019
2021-04-01,2021,-0.00012347965672665495,-0.0003703932303857904,-0.0011703932303857903,-0.00017347965672665495
2021-04-05,2021,0.006011841505996651,0.018144168514278025,0.017344168514278026,0.0059618415059966515
2021-04-06,2021,-0.0001848828557494686,-0.0005545460285569792,-0.0013545460285569791,-0.0002348828557494686
2021-04-09,2021,-0.0006579144113160185,-0.0019724449646093545,-0.0027724449646093544,-0.0007079144113160185
2021-04-13,2021,-0.00047680539208538875,-0.0014297342545089853,-0.002229734254508985,-0.0005268053920853888
2021-04-23,2021,0.004642086277756308,0.0139910057604542,0.0131910057604542,0.004592086277756308
2021-04-26,2021,0.0028789659224441877,0.008661786963830354,0.007861786963830353,0.0028289659224441876
2021-05-07,2021,-0.0018163411148164332,-0.005439132051595186,-0.006239132051595186,-0.0018663411148164331
2021-05-13,2021,-0.000685785536159722,-0.0020559460256005524,-0.0028559460256005523,-0.0007357855361597221
2021-05-14,2021,0.005956778721832201,0.01797699716936596,0.01717699716936596,0.005906778721832201
2021-05-19,2021,0.009931388827970844,0.030091043493619685,0.029291043493619686,0.009881388827970844
2021-05-24,2021,0.00030106177661326505,0.0009034572717074862,0.0001034572717074862,0.00025106177661326503
2021-05-27,2021,7.464474049867498e-05,0.00022395093742377803,-0.000576049062576222,2.4644740498674975e-05
2021-06-04,2021,0.0024791660443859165,0.007455952163594404,0.006655952163594403,0.0024291660443859163
2021-06-17,2021,-0.0011739101377601369,-0.0035175978359702764,-0.004317597835970277,-0.0012239101377601368
2021-06-22,2021,0.0060645534809669055,0.01830421991672493,0.01750421991672493,0.006014553480966906
2021-06-24,2021,1.4262486807137265e-05,4.2788070679922185e-05,-0.0007572119293200779,-3.573751319286274e-05
2021-06-28,2021,0.000555784214933297,0.0016682795047602283,0.0008682795047602283,0.000505784214933297
2021-06-29,2021,-0.00042423213982689667,-0.0012721565771055543,-0.0020721565771055542,-0.0004742321398268967
2021-07-13,2021,-0.0009013866537150861,-0.0027017231998215374,-0.0035017231998215373,-0.0009513866537150861
2021-07-14,2021,-0.0001096641535298648,-0.0003289563832287179,-0.0011289563832287178,-0.0001596641535298648
2021-07-26,2021,-0.0006250679421675454,-0.0018740319409259465,-0.0026740319409259464,-0.0006750679421675454
2021-07-29,2021,-0.0014697876973325252,-0.004402885439518833,-0.005202885439518834,-0.0015197876973325251
2021-08-09,2021,-0.0002035664848138996,-0.0006105751449361208,-0.0014105751449361207,-0.00025356648481389963
2021-08-13,2021,-0.00016291067064888587,-0.000488652396610445,-0.001288652396610445,-0.00021291067064888586
2021-09-01,2021,-5.786097656756972e-05,-0.0001735728862185537,-0.0009735728862185538,-0.00010786097656756972
2021-09-03,2021,0.0017071569271174258,0.005130218910985862,0.004330218910985862,0.001657156927117426
2021-09-23,2021,-8.054339946850231e-05,-0.00024161073721040704,-0.001041610737210407,-0.0001305433994685023
2021-10-11,2021,-0.002068965517241339,-0.006194063553241147,-0.006994063553241147,-0.002118965517241339
2021-10-14,2021,0.002710101286613753,0.008152357711534997,0.007352357711534996,0.002660101286613753
2021-10-18,2021,0.00736566115255699,0.022260141959264734,0.021460141959264736,0.007315661152556991
2021-10-21,2021,-0.0024709702843170867,-0.007394608857502094,-0.008194608857502094,-0.0025209702843170868
2021-10-26,2021,9.175875312972259e-05,0.00027530151916810297,-0.0005246984808318971,4.175875312972259e-05
2021-10-27,2021,0.0007352479880429197,0.0022073661304078396,0.0014073661304078396,0.0006852479880429197
2021-10-28,2021,-0.0010445500600615443,-0.003130378065393402,-0.0039303780653934025,-0.0010945500600615442
2021-10-29,2021,0.008819148658182785,0.026691464054017233,0.025891464054017235,0.008769148658182785
2021-11-02,2021,-0.0017349286109005213,-0.0051957611229425105,-0.005995761122942511,-0.0017849286109005212
2021-11-16,2021,0.004244139046079232,0.012786531735437423,0.011986531735437423,0.004194139046079232
2021-12-07,2021,-0.0013602357742008575,-0.004075159115282778,-0.0048751591152827786,-0.0014102357742008574
2021-12-22,2021,-0.002575610751262336,-0.0077069480275722135,-0.008506948027572214,-0.002625610751262336
2021-12-23,2021,0.0014863332913466198,0.004465630717586322,0.003665630717586322,0.00143633329134662
2021-12-27,2021,0.0026096681993288406,0.00784945347511945,0.00704945347511945,0.0025596681993288405
2022-01-14,2022,-0.0015861394512871607,-0.0047508748292551806,-0.005550874829255181,-0.0016361394512871606
2022-01-20,2022,-0.004123932196127833,-0.012320846273067954,-0.013120846273067954,-0.004173932196127833
2022-02-15,2022,-0.0019174832679111908,-0.005741426627576818,-0.006541426627576818,-0.001967483267911191
2022-02-28,2022,-0.004902384866049547,-0.014635172286889597,-0.015435172286889598,-0.004952384866049547
2022-03-09,2022,0.0006942348324781022,0.0020841507180369145,0.0012841507180369146,0.0006442348324781022
2022-03-15,2022,-0.0013576056772600653,-0.004067290254449185,-0.0048672902544491855,-0.0014076056772600652
2022-03-18,2022,0.012813675607892927,0.03893570155245074,0.03813570155245074,0.012763675607892927
2022-03-22,2022,0.0023046655424394658,0.006929943318298326,0.006129943318298326,0.0022546655424394656
2022-03-28,2022,-0.0015758916228918451,-0.004720228479077715,-0.005520228479077715,-0.001625891622891845
2022-04-04,2022,0.004741144414168952,0.014290975167154274,0.013490975167154274,0.004691144414168952
2022-04-13,2022,0.010632091707260205,0.032236601110251284,0.03143660111025128,0.010582091707260205
2022-04-19,2022,0.005582044423770194,0.016839784863307283,0.016039784863307285,0.005532044423770194
2022-05-25,2022,-0.004801381692573381,-0.014335095966776845,-0.015135095966776846,-0.004851381692573381
2022-05-26,2022,0.006014718773845518,0.018152904440852158,0.01735290444085216,0.005964718773845518
2022-06-06,2022,-0.0017986982351658742,-0.005386394578830056,-0.006186394578830056,-0.0018486982351658742
2022-06-21,2022,-0.004167343623070585,-0.012450002983820374,-0.013250002983820374,-0.004217343623070585
2022-06-22,2022,-0.007153680797829187,-0.02130788303729625,-0.022107883037296248,-0.007203680797829187
2022-06-23,2022,-0.005291563384490994,-0.015790836391494256,-0.016590836391494255,-0.005341563384490993
2022-06-24,2022,-0.000893409387670907,-0.0026778343351125944,-0.0034778343351125943,-0.0009434093876709071
2022-07-07,2022,0.00843723313407363,0.025525860731593353,0.024725860731593354,0.00838723313407363
2022-07-08,2022,-0.003625796394198022,-0.01083799765028537,-0.01163799765028537,-0.003675796394198022
2022-07-13,2022,0.00010479617144665276,0.00031442146220350686,-0.0004855785377964932,5.479617144665276e-05
2022-07-15,2022,-4.409796915083586e-05,-0.00013228807364562556,-0.0009322880736456256,-9.409796915083585e-05
2022-07-18,2022,-0.00047410871628039697,-0.0014216519181863285,-0.0022216519181863285,-0.000524108716280397
2022-07-20,2022,-0.005641330166270664,-0.016828696213787464,-0.017628696213787463,-0.0056913301662706636
2022-08-03,2022,0.009724828017511067,0.029459120591601717,0.02865912059160172,0.009674828017511067
2022-08-12,2022,0.010739528195086168,0.032565835652784036,0.031765835652784034,0.010689528195086168
2022-08-24,2022,-0.0008249777890596555,-0.002472892163591922,-0.003272892163591922,-0.0008749777890596555
2022-08-25,2022,-0.0009674460086711578,-0.002899531076157258,-0.003699531076157258,-0.0010174460086711577
2022-09-09,2022,-0.00408554349411705,-0.01220662367995018,-0.01300662367995018,-0.0041355434941170496
2022-09-19,2022,0.00024395347602479411,0.0007320389824883033,-6.796101751169669e-05,0.00019395347602479412
2022-09-28,2022,0.016194478660966682,0.049374466582622345,0.04857446658262234,0.01614447866096668
2022-10-03,2022,-0.003354220420199172,-0.010028946614360712,-0.010828946614360712,-0.0034042204201991722
2022-10-04,2022,-0.003892488194956356,-0.011632069168721504,-0.012432069168721504,-0.003942488194956356
2022-10-19,2022,-0.0007336305685544664,-0.0021992774590801067,-0.0029992774590801067,-0.0007836305685544664
2022-10-20,2022,-0.001180474238875795,-0.0035372438033551834,-0.004337243803355184,-0.0012304742388757949
2022-10-25,2022,0.0005848678730304702,0.0017556300304442107,0.0009556300304442107,0.0005348678730304701
2022-10-28,2022,0.009393717412849778,0.028446706938771493,0.027646706938771495,0.009343717412849778
2022-11-04,2022,-1.894657067069705e-05,-5.683863510130838e-05,-0.0008568386351013084,-6.894657067069704e-05
2022-11-07,2022,-0.0018471745768462444,-0.005531293871445908,-0.0063312938714459085,-0.0018971745768462443
2022-11-08,2022,0.0003330866025168522,0.0009995926845598468,0.0001995926845598468,0.00028308660251685216
2022-11-10,2022,0.015782850979687346,0.0480997795768936,0.047299779576893596,0.015732850979687345
2022-11-17,2022,-0.0005309546564722378,-0.0015920183805580024,-0.0023920183805580023,-0.0005809546564722379
2022-11-23,2022,-0.004536528022681008,-0.01354793717068048,-0.01434793717068048,-0.0045865280226810076
2022-12-09,2022,-0.003752016270425651,-0.01121386875247854,-0.01201386875247854,-0.003802016270425651
2022-12-20,2022,-0.000891140225238285,-0.0026710389906937637,-0.0034710389906937636,-0.000941140225238285
2022-12-29,2022,0.00075038457209331,0.002252843369822344,0.0014528433698223439,0.00070038457209331
2023-01-06,2023,0.011634912267490138,0.03531242538473034,0.03451242538473034,0.011584912267490139
2023-01-09,2023,-0.0023293086556467335,-0.006971661568580978,-0.007771661568580978,-0.0023793086556467336
2023-01-13,2023,-0.0008634646519158906,-0.0025881578859067167,-0.0033881578859067166,-0.0009134646519158906
2023-01-20,2023,0.01755949093057696,0.05360889417526349,0.052808894175263486,0.01750949093057696
2023-01-31,2023,0.004625651351728655,0.01394124297991417,0.01314124297991417,0.004575651351728655
2023-02-03,2023,-0.006401389648406086,-0.019081497891723198,-0.019881497891723197,-0.006451389648406086
2023-02-13,2023,-0.0009225700164743333,-0.002765157428349152,-0.003565157428349152,-0.0009725700164743334
2023-02-28,2023,0.0001360683062896495,0.00040826046514008674,-0.0003917395348599133,8.60683062896495e-05
2023-03-02,2023,-0.0004199882665562038,-0.0012594357033182124,-0.0020594357033182123,-0.0004699882665562038
2023-03-14,2023,-0.0009277776840969088,-0.0027807515366019553,-0.0035807515366019552,-0.0009777776840969087
2023-03-20,2023,-0.0027574434559957117,-0.008249540850953974,-0.009049540850953974,-0.002807443455995712
2023-03-23,2023,-0.004782705736058435,-0.014279603786624295,-0.015079603786624296,-0.004832705736058434
2023-03-31,2023,0.009657124882038515,0.029252055453132808,0.02845205545313281,0.009607124882038515
2023-04-19,2023,0.0028002391215431466,0.008424263339667615,0.007624263339667614,0.0027502391215431464
2023-04-20,2023,-0.00044126453809056887,-0.001323209557014482,-0.002123209557014482,-0.0004912645380905689
2023-04-27,2023,0.011077447453133882,0.033601831197459964,0.03280183119745996,0.011027447453133882
2023-05-05,2023,0.004605713574407311,0.013880876214958704,0.013080876214958704,0.004555713574407311
2023-05-09,2023,-9.313010275346922e-05,-0.00027936428941999214,-0.001079364289419992,-0.00014313010275346922
2023-05-16,2023,-0.0006706499207415062,-0.0020106007499149925,-0.0028106007499149924,-0.0007206499207415062
2023-05-17,2023,0.0008236478447880557,0.002472979280440102,0.001672979280440102,0.0007736478447880557
2023-05-22,2023,0.00011848341232223447,0.0003554923535868948,-0.00044450764641310524,6.848341232223448e-05
2023-05-25,2023,0.003248095434949416,0.009775970944521317,0.008975970944521317,0.003198095434949416
2023-05-26,2023,0.005669799506336837,0.017106020663263388,0.01630602066326339,0.005619799506336837
2023-06-05,2023,-0.0020186727226849666,-0.00604380127554216,-0.00684380127554216,-0.0020686727226849667
2023-06-15,2023,0.007632237701349576,0.023071910846916177,0.02227191084691618,0.007582237701349576
2023-06-28,2023,0.0002745291824521878,0.0008238136668627938,2.3813666862793743e-05,0.00022452918245218783
2023-06-30,2023,-0.0010298898174924132,-0.0030864885257451125,-0.0038864885257451124,-0.001079889817492413
2023-07-05,2023,-0.0005110104422936246,-0.001532248065305497,-0.002332248065305497,-0.0005610104422936246
2023-07-12,2023,-0.00032164683177871023,-0.0009646301585595207,-0.0017646301585595207,-0.00037164683177871025
2023-07-13,2023,-0.0003341745251692618,-0.0010021885949861309,-0.0018021885949861308,-0.00038417452516926185
2023-07-17,2023,0.00023755031173555707,0.0007128202390633831,-8.717976093661694e-05,0.00018755031173555708
2023-07-31,2023,-0.00039677990829500853,-0.0011898674844649237,-0.0019898674844649237,-0.00044677990829500855
2023-08-23,2023,0.001384035163881192,0.004157854802841365,0.0033578548028413654,0.0013340351638811922
2023-08-29,2023,0.006665322905748727,0.020129544422724077,0.01932954442272408,0.006615322905748728
2023-08-31,2023,-0.00027179590531145603,-0.0008151661169703006,-0.0016151661169703005,-0.00032179590531145605
2023-09-22,2023,-0.0024615214261987095,-0.007366401929975508,-0.008166401929975508,-0.0025115214261987096
2023-10-06,2023,0.014717747544723547,0.044806266954638074,0.04400626695463807,0.014667747544723548
2023-10-12,2023,-0.00040292253142792944,-0.0012082806199978924,-0.0020082806199978923,-0.00045292253142792947
2023-10-24,2023,0.000502723083368295,0.0015089275686539505,0.0007089275686539505,0.00045272308336829494
2023-11-03,2023,-0.0008190769218995309,-0.002455218654194735,-0.003255218654194735,-0.0008690769218995309
2023-11-07,2023,-0.0031649813587962816,-0.009464924459341217,-0.010264924459341218,-0.0032149813587962817
2023-11-10,2023,0.013469700542324992,0.04095584397099983,0.040155843970999826,0.013419700542324992
2023-11-14,2023,-0.001739672318437968,-0.0052099428410355975,-0.006009942841035598,-0.001789672318437968
2023-11-15,2023,-0.0002869470130366647,-0.0008605940469719187,-0.0016605940469719186,-0.0003369470130366647
2023-11-20,2023,0.00466917061123695,0.01407301708960973,0.01327301708960973,0.0046191706112369505
2023-11-27,2023,-7.706139224261666e-05,-0.00023116636181097494,-0.0010311663618109749,-0.00012706139224261665
2023-11-28,2023,-0.00028004079860433073,-0.0008398871492278914,-0.0016398871492278914,-0.00033004079860433075
2023-12-05,2023,-0.00030694939110509356,-0.0009205655484493258,-0.0017205655484493257,-0.0003569493911050936
2023-12-08,2023,-7.681868230347e-05,-0.00023043834403391195,-0.0010304383440339119,-0.00012681868230347
2023-12-15,2023,-0.00024653616685577084,-0.0007394261753070897,-0.0015394261753070896,-0.00029653616685577087
2023-12-19,2023,-0.0008562551038212574,-0.002566566420838301,-0.003366566420838301,-0.0009062551038212574
2023-12-20,2023,-0.0003180997021628995,-0.0009539955764148456,-0.0017539955764148455,-0.00036809970216289953
2023-12-26,2023,-6.58906376482804e-06,-1.9767061047448742e-05,-0.0008197670610474488,-5.658906376482804e-05
2024-01-04,2024,-0.0012427038222556641,-0.0037234804475207994,-0.0045234804475208,-0.001292703822255664
2024-01-05,2024,-0.00015093676226840547,-0.00045274194452527006,-0.00125274194452527,-0.00020093676226840546
2024-01-08,2024,0.008942137644157633,0.02706701343906537,0.02626701343906537,0.008892137644157633
2024-01-09,2024,0.004842165228052364,0.014596948908581764,0.013796948908581763,0.0047921652280523645
2024-01-16,2024,-0.0019769598750366546,-0.005919162240758835,-0.0067191622407588355,-0.0020269598750366547
2024-01-19,2024,0.01267070590498176,0.0384957923204734,0.0376957923204734,0.01262070590498176
2024-01-24,2024,-0.00039749345304906925,-0.001192006418815894,-0.001992006418815894,-0.00044749345304906927
2024-02-02,2024,0.005783459773344601,0.017450917988399484,0.016650917988399485,0.005733459773344602
2024-02-07,2024,-0.0005795354443878242,-0.00173759894381309,-0.00253759894381309,-0.0006295354443878243
2024-02-08,2024,-0.0017053973402725298,-0.005107471840496647,-0.005907471840496647,-0.0017553973402725297
2024-02-09,2024,0.0024431146075589716,0.00734726483211845,0.006547264832118449,0.0023931146075589715
2024-02-26,2024,-0.0008798089557696676,-0.002637105356941283,-0.0034371053569412827,-0.0009298089557696676
2024-02-27,2024,-0.0005375483221630173,-0.0016117782472220288,-0.0024117782472220287,-0.0005875483221630173
2024-03-01,2024,0.007868674535341347,0.023792258920012355,0.022992258920012356,0.007818674535341347
2024-03-07,2024,0.0035724421899565595,0.01075565919220467,0.00995565919220467,0.0035224421899565594
2024-03-18,2024,7.978542040776304e-05,0.00023937535887119665,-0.0005606246411288034,2.978542040776304e-05
2024-03-28,2024,-0.0001573670248640191,-0.00047202678534763454,-0.0012720267853476345,-0.0002073670248640191
2024-04-03,2024,-0.003403430477607161,-0.01017558083886283,-0.01097558083886283,-0.0034534304776071612
2024-04-23,2024,0.0004590935844615007,0.0013779131509041864,0.0005779131509041864,0.0004090935844615007
2024-05-06,2024,-6.83256937286103e-05,-0.00020496307630357702,-0.001004963076303577,-0.0001183256937286103
2024-05-08,2024,-0.0030850509035665885,-0.00922662945555952,-0.010026629455559521,-0.0031350509035665886
2024-05-09,2024,-0.0020628982155408426,-0.006175936778244018,-0.006975936778244018,-0.0021128982155408428
2024-05-14,2024,-0.001485549653371665,-0.004450031665193865,-0.005250031665193866,-0.001535549653371665
2024-05-15,2024,0.006305180885444628,0.01903505923872384,0.01823505923872384,0.006255180885444628
2024-05-17,2024,-0.00041209064667036,-0.0012357625538885753,-0.002035762553888575,-0.00046209064667036
2024-05-22,2024,-0.00039444274006217306,-0.0011828615263304032,-0.001982861526330403,-0.0004444427400621731
2024-05-29,2024,-0.0007219243910497886,-0.0021642100249189555,-0.0029642100249189555,-0.0007719243910497886
2024-06-07,2024,-0.000519028899736429,-0.001556278666034694,-0.002356278666034694,-0.000569028899736429
2024-06-14,2024,-0.000607437497382679,-0.0018212057753408395,-0.0026212057753408394,-0.0006574374973826791
2024-06-25,2024,0.0006496908728912398,0.0019503391875981269,0.001150339187598127,0.0005996908728912398
2024-07-02,2024,-0.0016752150893447615,-0.005017230932480077,-0.005817230932480077,-0.0017252150893447614
2024-07-15,2024,-0.0027621544804947717,-0.00826359602321236,-0.009063596023212361,-0.002812154480494772
2024-07-22,2024,-0.003116494566911099,-0.009320376354649662,-0.010120376354649662,-0.003166494566911099
2024-08-05,2024,0.0030457555550427173,0.009165124800169178,0.008365124800169177,0.002995755555042717
2024-08-13,2024,0.007596481858903825,0.02296300355326819,0.022163003553268192,0.0075464818589038255
2024-08-15,2024,0.004386867500240088,0.013218420743652981,0.01241842074365298,0.004336867500240088
2024-08-29,2024,0.000357353064827981,0.0010724423437571406,0.0002724423437571406,0.000307353064827981
2024-09-23,2024,-0.00024838549428718437,-0.0007449714121244844,-0.0015449714121244843,-0.0002983854942871844
2024-09-25,2024,-0.0003492624399062949,-0.0010474214095675949,-0.0018474214095675948,-0.00039926243990629493
2024-10-07,2024,-0.0003708125819323893,-0.001112025290871843,-0.001912025290871843,-0.00042081258193238933
2024-10-08,2024,-0.0031338972982937197,-0.009372258737036399,-0.010172258737036399,-0.00318389729829372
2024-10-22,2024,-0.00024280684715305423,-0.0007282436902787959,-0.0015282436902787958,-0.00029280684715305425
2024-10-25,2024,-8.021980225825232e-05,-0.00024064010164093208,-0.001040640101640932,-0.0001302198022582523
2024-11-19,2024,0.006375919411576669,0.019249974475855636,0.018449974475855637,0.00632591941157667
2024-12-02,2024,0.0005447364837258828,0.0016350998263316985,0.0008350998263316984,0.0004947364837258828
2024-12-04,2024,-0.0018662963317689352,-0.005588446309738759,-0.00638844630973876,-0.001916296331768935
2024-12-06,2024,-0.000742927897895207,-0.002227128278154189,-0.003027128278154189,-0.000792927897895207
2024-12-11,2024,0.004757933047730978,0.01434182063359346,0.01354182063359346,0.004707933047730978
2024-12-16,2024,0.00412482735451114,0.012425594846287469,0.011625594846287468,0.0040748273545111405
2025-01-06,2025,-0.001934089271492967,-0.0057910529453988335,-0.006591052945398834,-0.001984089271492967
2025-01-13,2025,-0.00011968164681941396,-0.0003590019710827397,-0.0011590019710827396,-0.00016968164681941395
2025-01-15,2025,-0.0011643833357166677,-0.0034890842201501515,-0.004289084220150152,-0.0012143833357166677
2025-01-22,2025,0.000997459301778525,0.0029953636729089794,0.0021953636729089795,0.0009474593017785249
2025-01-23,2025,7.552870091576125e-07,2.2658627387706076e-06,-0.0007977341372612294,-4.924471299084239e-05
2025-01-27,2025,-0.0012430080795524656,-0.003724390951933221,-0.004524390951933221,-0.0012930080795524655
2025-01-31,2025,-0.003143884485777404,-0.009402032502537128,-0.010202032502537128,-0.003193884485777404
2025-02-04,2025,-0.0028805799313239566,-0.008616870474055127,-0.009416870474055128,-0.0029305799313239568
2025-02-11,2025,-0.0017194792434290784,-0.005149572987509066,-0.005949572987509066,-0.0017694792434290783
2025-02-12,2025,-0.00020958768386558635,-0.0006286312798116089,-0.0014286312798116089,-0.00025958768386558637
2025-02-14,2025,-0.0007198023171596235,-0.002157852978292185,-0.002957852978292185,-0.0007698023171596235
2025-03-20,2025,-0.0024240164087264704,-0.007254435902700362,-0.008054435902700363,-0.0024740164087264705
2025-03-24,2025,-0.001387981711299835,-0.004158168328144196,-0.0049581683281441965,-0.0014379817112998349
2025-03-25,2025,-0.002290881076916884,-0.006856910845280617,-0.0076569108452806175,-0.0023408810769168843
2025-04-22,2025,-0.0009242977591414903,-0.002770331088033706,-0.003570331088033706,-0.0009742977591414903
2025-04-23,2025,-0.00039098617307042893,-0.0011724999684188386,-0.0019724999684188386,-0.00044098617307042896
2025-04-24,2025,0.010024196335983282,0.030375049820975608,0.02957504982097561,0.009974196335983282
2025-04-29,2025,2.11622296524272e-05,6.348803248656942e-05,-0.0007365119675134306,-2.8837770347572802e-05
2025-05-02,2025,2.0472924557202177e-05,6.142003110221061e-05,-0.0007385799688977894,-2.9527075442797826e-05
2025-05-05,2025,-0.0007290276209055424,-0.0021854888063650435,-0.0029854888063650434,-0.0007790276209055424
2025-05-13,2025,0.0021199961712314863,0.006373481193068908,0.005573481193068908,0.002069996171231486
2025-05-15,2025,0.0023680878415603956,0.007121100324614993,0.0063211003246149925,0.0023180878415603955
2025-05-19,2025,0.005782017924255589,0.017446542269465404,0.016646542269465405,0.0057320179242555894
2025-05-21,2025,-0.0006340605816065326,-0.0019009759012693639,-0.002700975901269364,-0.0006840605816065326
2025-05-22,2025,-0.002045525050411001,-0.006124031191867552,-0.006924031191867552,-0.0020955250504110013
2025-05-23,2025,-0.0009840582562488098,-0.002949270609724497,-0.003749270609724497,-0.0010340582562488097
2025-05-27,2025,0.004579107700613205,0.013800323799612269,0.013000323799612268,0.004529107700613206
2025-06-09,2025,-0.00014316446205930866,-0.0004294319009225944,-0.0012294319009225944,-0.00019316446205930866
2025-06-11,2025,0.000523385190385417,0.0015709775107006774,0.0007709775107006773,0.00047338519038541695
2025-06-12,2025,-0.0004689991558015638,-0.0014063376899413615,-0.0022063376899413615,-0.0005189991558015638
2025-06-16,2025,-0.0012160670520663386,-0.0036437664973167916,-0.004443766497316792,-0.0012660670520663385
2025-06-17,2025,-0.00027239510440268955,-0.0008169627361408471,-0.001616962736140847,-0.00032239510440268957
2025-06-24,2025,0.004071313044933245,0.012263733388944598,0.011463733388944597,0.004021313044933245
2025-06-26,2025,0.004633375009193141,0.013964628989561412,0.013164628989561411,0.004583375009193142
2025-07-02,2025,0.0013176667302781109,0.003958211215463692,0.0031582112154636918,0.001267666730278111
2025-07-11,2025,-0.00015337284939698215,-0.0004600479821059711,-0.001260047982105971,-0.00020337284939698214
2025-07-14,2025,0.0015489076598886875,0.004653924040490143,0.003853924040490143,0.0014989076598886876
2025-07-17,2025,0.002125824169451951,0.006391039500426521,0.0055910395004265204,0.0020758241694519507
2025-07-21,2025,-0.0006810543074473596,-0.002041771733329756,-0.0028417717333297557,-0.0007310543074473596
2025-08-08,2025,-0.0009955846014852998,-0.0029837812251719553,-0.0037837812251719553,-0.0010455846014852997
2025-08-14,2025,-0.0002757527187493558,-0.0008270300585304646,-0.0016270300585304646,-0.00032575271874935583
2025-08-22,2025,-0.00430914166085139,-0.012871798892161057,-0.013671798892161057,-0.00435914166085139
2025-08-26,2025,-0.001068282516943686,-0.0032014250873764194,-0.00400142508737642,-0.001118282516943686
2025-08-28,2025,-0.0004174926099808074,-0.0012519550024732151,-0.002051955002473215,-0.0004674926099808074
2025-09-03,2025,-0.0003159224936815086,-0.0009474680915098066,-0.0017474680915098065,-0.0003659224936815086
2025-09-08,2025,-0.0003276596478521965,-0.0009826568961999183,-0.0017826568961999182,-0.0003776596478521965
2025-09-10,2025,-0.0003261858572680687,-0.0009782384148689927,-0.0017782384148689926,-0.0003761858572680687
2025-09-11,2025,0.0014144286105781667,0.0042492904863353775,0.0034492904863353776,0.0013644286105781668
2025-09-12,2025,-0.0008179510862181827,-0.0024518466739614775,-0.0032518466739614774,-0.0008679510862181827
2025-09-15,2025,-0.0004996400897657738,-0.001498171473369725,-0.002298171473369725,-0.0005496400897657738
2025-09-18,2025,-0.0005363490940158977,-0.0016081844252874289,-0.002408184425287429,-0.0005863490940158977
2025-09-22,2025,0.0034134807512988807,0.010275437579783553,0.009475437579783553,0.0033634807512988806
2025-09-29,2025,-0.0002828383661924727,-0.0008482751285796564,-0.0016482751285796563,-0.00033283836619247273
2025-10-01,2025,0.004953514503308387,0.014934276973629368,0.014134276973629368,0.0049035145033083875
2025-10-15,2025,-0.002426391752577306,-0.00726152741200381,-0.00806152741200381,-0.002476391752577306
2025-10-27,2025,0.004010289347968543,0.012079179801029127,0.011279179801029127,0.003960289347968543
2025-11-04,2025,-0.0008001215941634277,-0.0023984447110274587,-0.0031984447110274586,-0.0008501215941634277
2025-11-05,2025,0.0014617299815278262,0.004391603031412172,0.0035916030314121724,0.0014117299815278263
2025-11-24,2025,0.006248234375259676,0.01886206835797788,0.01806206835797788,0.006198234375259676
2025-12-01,2025,0.0015271392133608952,0.004588417664137756,0.003788417664137756,0.0014771392133608953
2025-12-02,2025,-0.0003537716886166109,-0.001060939646902903,-0.001860939646902903,-0.0004037716886166109
2025-12-03,2025,-5.172229606387191e-05,-0.0001551588627421996,-0.0009551588627421996,-0.0001017222960638719
2026-01-05,2026,-0.0007102272727271819,-0.0021291689080995546,-0.0029291689080995545,-0.0007602272727271819
2026-01-07,2026,-0.0007906337848198053,-0.002370026543340953,-0.003170026543340953,-0.0008406337848198053
2026-01-12,2026,0.0020762735481216765,0.006241762330537082,0.005441762330537081,0.0020262735481216764
2026-01-20,2026,-0.0016292217207839466,-0.004879706396651917,-0.0056797063966519176,-0.0016792217207839465
2026-01-21,2026,-0.005340735690399612,-0.01593678903430329,-0.016736789034303288,-0.005390735690399611
2026-01-23,2026,-0.003983235218838033,-0.01190217036674679,-0.01270217036674679,-0.004033235218838032
2026-01-26,2026,-0.0007820480081713876,-0.0023443097055527717,-0.0031443097055527717,-0.0008320480081713877
2026-01-27,2026,-0.001465102834380172,-0.004388872069076344,-0.005188872069076344,-0.0015151028343801719
2026-02-02,2026,0.00045562092339168636,0.0013674856360350596,0.0005674856360350595,0.00040562092339168634
2026-02-06,2026,0.011950540343432792,0.036281773995171074,0.03548177399517107,0.011900540343432792
2026-02-25,2026,-0.0006507874528178803,-0.001951092061151738,-0.002751092061151738,-0.0007007874528178803
2026-03-02,2026,0.0002647175683729852,0.0007943629498421423,-5.637050157857753e-06,0.00021471756837298522
2026-03-04,2026,-1.6366879981632998e-05,-4.909983632495063e-05,-0.0008490998363249507,-6.6366879981633e-05
2026-03-09,2026,0.017934121031212058,0.05477302938484119,0.053973029384841185,0.017884121031212057
2026-03-17,2026,-0.00018192793999682877,-0.0005456845326858861,-0.001345684532685886,-0.00023192793999682876
2026-04-02,2026,0.003569467325645226,0.010746670746831555,0.009946670746831554,0.0035194673256452257
2026-04-13,2026,0.009053766955384956,0.02740795509798155,0.026607955097981553,0.009003766955384957
2026-04-14,2026,0.007449815931480419,0.022516360529656998,0.021716360529657,0.007399815931480419
2026-04-15,2026,-0.0010912196356276382,-0.003270087925384413,-0.004070087925384413,-0.0011412196356276382
2026-04-17,2026,-0.001240962555303815,-0.0037182696127879833,-0.004518269612787984,-0.001290962555303815
2026-04-22,2026,0.004924596904100742,0.014846665105929358,0.014046665105929357,0.004874596904100742
2026-04-23,2026,-0.0022104480766586,-0.006616696788304677,-0.007416696788304677,-0.0022604480766586
2026-04-24,2026,0.0054730435572512,0.016509157229765314,0.015709157229765316,0.005423043557251201
2026-05-04,2026,-0.0006955749593015037,-0.002085273740868754,-0.0028852737408687538,-0.0007455749593015037
2026-05-05,2026,0.0008597314992393468,0.0025814125479308725,0.0017814125479308726,0.0008097314992393468
2026-05-06,2026,0.005922893901372017,0.01787413149971595,0.017074131499715952,0.0058728939013720175
2026-05-08,2026,0.005687123334182198,0.01715858405874582,0.01635858405874582,0.005637123334182198
2026-05-14,2026,-0.0004656399421772983,-0.0013962694658249397,-0.0021962694658249396,-0.0005156399421772983
2026-05-26,2026,-0.0003841877230740254,-0.0011521204253085449,-0.0019521204253085448,-0.0004341877230740254
2026-05-28,2026,0.0029441329234016766,0.008858428045721789,0.008058428045721789,0.0028941329234016765
2026-06-02,2026,-0.000960741253788755,-0.002879455576883072,-0.003679455576883072,-0.0010107412537887549
2026-06-15,2026,0.0012537240998127253,0.0037658897424273086,0.0029658897424273086,0.0012037240998127253
2026-06-30,2026,0.008506448215970686,0.025737039155376396,0.024937039155376397,0.008456448215970686
